"country","primary_fuel","pay_off_age","lifetime"
"AFG","Coal",30,60
"AFG","Gas",30,60
"AFG","Oil",30,60
"AFG","Solar",30,60
"AFG","Wind",30,60
"AFG","Waste",30,60
"AFG","Hydro",30,60
"AGO","Coal",30,60
"AGO","Gas",30,60
"AGO","Oil",30,60
"AGO","Solar",30,60
"AGO","Wind",30,60
"AGO","Waste",30,60
"AGO","Hydro",30,60
"ALB","Coal",30,60
"ALB","Gas",30,60
"ALB","Oil",30,60
"ALB","Solar",30,60
"ALB","Wind",30,60
"ALB","Waste",30,60
"ALB","Hydro",30,60
"ARE","Coal",30,60
"ARE","Gas",30,60
"ARE","Oil",30,60
"ARE","Solar",30,60
"ARE","Wind",30,60
"ARE","Waste",30,60
"ARE","Hydro",30,60
"ARG","Coal",30,60
"ARG","Gas",30,60
"ARG","Oil",30,60
"ARG","Solar",30,60
"ARG","Wind",30,60
"ARG","Waste",30,60
"ARG","Hydro",30,60
"ARM","Coal",30,60
"ARM","Gas",30,60
"ARM","Oil",30,60
"ARM","Solar",30,60
"ARM","Wind",30,60
"ARM","Waste",30,60
"ARM","Hydro",30,60
"ATA","Coal",30,60
"ATA","Gas",30,60
"ATA","Oil",30,60
"ATA","Solar",30,60
"ATA","Wind",30,60
"ATA","Waste",30,60
"ATA","Hydro",30,60
"AUS","Coal",30,60
"AUS","Gas",30,60
"AUS","Oil",30,60
"AUS","Solar",30,60
"AUS","Wind",30,60
"AUS","Waste",30,60
"AUS","Hydro",30,60
"AUT","Coal",30,60
"AUT","Gas",30,60
"AUT","Oil",30,60
"AUT","Solar",30,60
"AUT","Wind",30,60
"AUT","Waste",30,60
"AUT","Hydro",30,60
"AZE","Coal",30,60
"AZE","Gas",30,60
"AZE","Oil",30,60
"AZE","Solar",30,60
"AZE","Wind",30,60
"AZE","Waste",30,60
"AZE","Hydro",30,60
"BDI","Coal",30,60
"BDI","Gas",30,60
"BDI","Oil",30,60
"BDI","Solar",30,60
"BDI","Wind",30,60
"BDI","Waste",30,60
"BDI","Hydro",30,60
"BEL","Coal",30,60
"BEL","Gas",30,60
"BEL","Oil",30,60
"BEL","Solar",30,60
"BEL","Wind",30,60
"BEL","Waste",30,60
"BEL","Hydro",30,60
"BEN","Coal",30,60
"BEN","Gas",30,60
"BEN","Oil",30,60
"BEN","Solar",30,60
"BEN","Wind",30,60
"BEN","Waste",30,60
"BEN","Hydro",30,60
"BFA","Coal",30,60
"BFA","Gas",30,60
"BFA","Oil",30,60
"BFA","Solar",30,60
"BFA","Wind",30,60
"BFA","Waste",30,60
"BFA","Hydro",30,60
"BGD","Coal",30,60
"BGD","Gas",30,60
"BGD","Oil",30,60
"BGD","Solar",30,60
"BGD","Wind",30,60
"BGD","Waste",30,60
"BGD","Hydro",30,60
"BGR","Coal",30,60
"BGR","Gas",30,60
"BGR","Oil",30,60
"BGR","Solar",30,60
"BGR","Wind",30,60
"BGR","Waste",30,60
"BGR","Hydro",30,60
"BHR","Coal",30,60
"BHR","Gas",30,60
"BHR","Oil",30,60
"BHR","Solar",30,60
"BHR","Wind",30,60
"BHR","Waste",30,60
"BHR","Hydro",30,60
"BIH","Coal",30,60
"BIH","Gas",30,60
"BIH","Oil",30,60
"BIH","Solar",30,60
"BIH","Wind",30,60
"BIH","Waste",30,60
"BIH","Hydro",30,60
"BLR","Coal",30,60
"BLR","Gas",30,60
"BLR","Oil",30,60
"BLR","Solar",30,60
"BLR","Wind",30,60
"BLR","Waste",30,60
"BLR","Hydro",30,60
"BOL","Coal",30,60
"BOL","Gas",30,60
"BOL","Oil",30,60
"BOL","Solar",30,60
"BOL","Wind",30,60
"BOL","Waste",30,60
"BOL","Hydro",30,60
"BRA","Coal",30,60
"BRA","Gas",30,60
"BRA","Oil",30,60
"BRA","Solar",30,60
"BRA","Wind",30,60
"BRA","Waste",30,60
"BRA","Hydro",30,60
"BRN","Coal",30,60
"BRN","Gas",30,60
"BRN","Oil",30,60
"BRN","Solar",30,60
"BRN","Wind",30,60
"BRN","Waste",30,60
"BRN","Hydro",30,60
"BTN","Coal",30,60
"BTN","Gas",30,60
"BTN","Oil",30,60
"BTN","Solar",30,60
"BTN","Wind",30,60
"BTN","Waste",30,60
"BTN","Hydro",30,60
"BWA","Coal",30,60
"BWA","Gas",30,60
"BWA","Oil",30,60
"BWA","Solar",30,60
"BWA","Wind",30,60
"BWA","Waste",30,60
"BWA","Hydro",30,60
"CAF","Coal",30,60
"CAF","Gas",30,60
"CAF","Oil",30,60
"CAF","Solar",30,60
"CAF","Wind",30,60
"CAF","Waste",30,60
"CAF","Hydro",30,60
"CAN","Coal",30,60
"CAN","Gas",30,60
"CAN","Oil",30,60
"CAN","Solar",30,60
"CAN","Wind",30,60
"CAN","Waste",30,60
"CAN","Hydro",30,60
"CHE","Coal",30,60
"CHE","Gas",30,60
"CHE","Oil",30,60
"CHE","Solar",30,60
"CHE","Wind",30,60
"CHE","Waste",30,60
"CHE","Hydro",30,60
"CHL","Coal",30,60
"CHL","Gas",30,60
"CHL","Oil",30,60
"CHL","Solar",30,60
"CHL","Wind",30,60
"CHL","Waste",30,60
"CHL","Hydro",30,60
"CHN","Coal",30,60
"CHN","Gas",30,60
"CHN","Oil",30,60
"CHN","Solar",30,60
"CHN","Wind",30,60
"CHN","Waste",30,60
"CHN","Hydro",30,60
"CIV","Coal",30,60
"CIV","Gas",30,60
"CIV","Oil",30,60
"CIV","Solar",30,60
"CIV","Wind",30,60
"CIV","Waste",30,60
"CIV","Hydro",30,60
"CMR","Coal",30,60
"CMR","Gas",30,60
"CMR","Oil",30,60
"CMR","Solar",30,60
"CMR","Wind",30,60
"CMR","Waste",30,60
"CMR","Hydro",30,60
"COD","Coal",30,60
"COD","Gas",30,60
"COD","Oil",30,60
"COD","Solar",30,60
"COD","Wind",30,60
"COD","Waste",30,60
"COD","Hydro",30,60
"COG","Coal",30,60
"COG","Gas",30,60
"COG","Oil",30,60
"COG","Solar",30,60
"COG","Wind",30,60
"COG","Waste",30,60
"COG","Hydro",30,60
"COL","Coal",30,60
"COL","Gas",30,60
"COL","Oil",30,60
"COL","Solar",30,60
"COL","Wind",30,60
"COL","Waste",30,60
"COL","Hydro",30,60
"CPV","Coal",30,60
"CPV","Gas",30,60
"CPV","Oil",30,60
"CPV","Solar",30,60
"CPV","Wind",30,60
"CPV","Waste",30,60
"CPV","Hydro",30,60
"CRI","Coal",30,60
"CRI","Gas",30,60
"CRI","Oil",30,60
"CRI","Solar",30,60
"CRI","Wind",30,60
"CRI","Waste",30,60
"CRI","Hydro",30,60
"CUB","Coal",30,60
"CUB","Gas",30,60
"CUB","Oil",30,60
"CUB","Solar",30,60
"CUB","Wind",30,60
"CUB","Waste",30,60
"CUB","Hydro",30,60
"CYP","Coal",30,60
"CYP","Gas",30,60
"CYP","Oil",30,60
"CYP","Solar",30,60
"CYP","Wind",30,60
"CYP","Waste",30,60
"CYP","Hydro",30,60
"CZE","Coal",30,60
"CZE","Gas",30,60
"CZE","Oil",30,60
"CZE","Solar",30,60
"CZE","Wind",30,60
"CZE","Waste",30,60
"CZE","Hydro",30,60
"DEU","Coal",30,60
"DEU","Gas",30,60
"DEU","Oil",30,60
"DEU","Solar",30,60
"DEU","Wind",30,60
"DEU","Waste",30,60
"DEU","Hydro",30,60
"DJI","Coal",30,60
"DJI","Gas",30,60
"DJI","Oil",30,60
"DJI","Solar",30,60
"DJI","Wind",30,60
"DJI","Waste",30,60
"DJI","Hydro",30,60
"DNK","Coal",30,60
"DNK","Gas",30,60
"DNK","Oil",30,60
"DNK","Solar",30,60
"DNK","Wind",30,60
"DNK","Waste",30,60
"DNK","Hydro",30,60
"DOM","Coal",30,60
"DOM","Gas",30,60
"DOM","Oil",30,60
"DOM","Solar",30,60
"DOM","Wind",30,60
"DOM","Waste",30,60
"DOM","Hydro",30,60
"DZA","Coal",30,60
"DZA","Gas",30,60
"DZA","Oil",30,60
"DZA","Solar",30,60
"DZA","Wind",30,60
"DZA","Waste",30,60
"DZA","Hydro",30,60
"ECU","Coal",30,60
"ECU","Gas",30,60
"ECU","Oil",30,60
"ECU","Solar",30,60
"ECU","Wind",30,60
"ECU","Waste",30,60
"ECU","Hydro",30,60
"EGY","Coal",30,60
"EGY","Gas",30,60
"EGY","Oil",30,60
"EGY","Solar",30,60
"EGY","Wind",30,60
"EGY","Waste",30,60
"EGY","Hydro",30,60
"ERI","Coal",30,60
"ERI","Gas",30,60
"ERI","Oil",30,60
"ERI","Solar",30,60
"ERI","Wind",30,60
"ERI","Waste",30,60
"ERI","Hydro",30,60
"ESH","Coal",30,60
"ESH","Gas",30,60
"ESH","Oil",30,60
"ESH","Solar",30,60
"ESH","Wind",30,60
"ESH","Waste",30,60
"ESH","Hydro",30,60
"ESP","Coal",30,60
"ESP","Gas",30,60
"ESP","Oil",30,60
"ESP","Solar",30,60
"ESP","Wind",30,60
"ESP","Waste",30,60
"ESP","Hydro",30,60
"EST","Coal",30,60
"EST","Gas",30,60
"EST","Oil",30,60
"EST","Solar",30,60
"EST","Wind",30,60
"EST","Waste",30,60
"EST","Hydro",30,60
"ETH","Coal",30,60
"ETH","Gas",30,60
"ETH","Oil",30,60
"ETH","Solar",30,60
"ETH","Wind",30,60
"ETH","Waste",30,60
"ETH","Hydro",30,60
"FIN","Coal",30,60
"FIN","Gas",30,60
"FIN","Oil",30,60
"FIN","Solar",30,60
"FIN","Wind",30,60
"FIN","Waste",30,60
"FIN","Hydro",30,60
"FJI","Coal",30,60
"FJI","Gas",30,60
"FJI","Oil",30,60
"FJI","Solar",30,60
"FJI","Wind",30,60
"FJI","Waste",30,60
"FJI","Hydro",30,60
"FRA","Coal",30,60
"FRA","Gas",30,60
"FRA","Oil",30,60
"FRA","Solar",30,60
"FRA","Wind",30,60
"FRA","Waste",30,60
"FRA","Hydro",30,60
"GAB","Coal",30,60
"GAB","Gas",30,60
"GAB","Oil",30,60
"GAB","Solar",30,60
"GAB","Wind",30,60
"GAB","Waste",30,60
"GAB","Hydro",30,60
"GBR","Coal",30,60
"GBR","Gas",30,60
"GBR","Oil",30,60
"GBR","Solar",30,60
"GBR","Wind",30,60
"GBR","Waste",30,60
"GBR","Hydro",30,60
"GEO","Coal",30,60
"GEO","Gas",30,60
"GEO","Oil",30,60
"GEO","Solar",30,60
"GEO","Wind",30,60
"GEO","Waste",30,60
"GEO","Hydro",30,60
"GHA","Coal",30,60
"GHA","Gas",30,60
"GHA","Oil",30,60
"GHA","Solar",30,60
"GHA","Wind",30,60
"GHA","Waste",30,60
"GHA","Hydro",30,60
"GIN","Coal",30,60
"GIN","Gas",30,60
"GIN","Oil",30,60
"GIN","Solar",30,60
"GIN","Wind",30,60
"GIN","Waste",30,60
"GIN","Hydro",30,60
"GMB","Coal",30,60
"GMB","Gas",30,60
"GMB","Oil",30,60
"GMB","Solar",30,60
"GMB","Wind",30,60
"GMB","Waste",30,60
"GMB","Hydro",30,60
"GNB","Coal",30,60
"GNB","Gas",30,60
"GNB","Oil",30,60
"GNB","Solar",30,60
"GNB","Wind",30,60
"GNB","Waste",30,60
"GNB","Hydro",30,60
"GNQ","Coal",30,60
"GNQ","Gas",30,60
"GNQ","Oil",30,60
"GNQ","Solar",30,60
"GNQ","Wind",30,60
"GNQ","Waste",30,60
"GNQ","Hydro",30,60
"GRC","Coal",30,60
"GRC","Gas",30,60
"GRC","Oil",30,60
"GRC","Solar",30,60
"GRC","Wind",30,60
"GRC","Waste",30,60
"GRC","Hydro",30,60
"GTM","Coal",30,60
"GTM","Gas",30,60
"GTM","Oil",30,60
"GTM","Solar",30,60
"GTM","Wind",30,60
"GTM","Waste",30,60
"GTM","Hydro",30,60
"GUF","Coal",30,60
"GUF","Gas",30,60
"GUF","Oil",30,60
"GUF","Solar",30,60
"GUF","Wind",30,60
"GUF","Waste",30,60
"GUF","Hydro",30,60
"GUY","Coal",30,60
"GUY","Gas",30,60
"GUY","Oil",30,60
"GUY","Solar",30,60
"GUY","Wind",30,60
"GUY","Waste",30,60
"GUY","Hydro",30,60
"HND","Coal",30,60
"HND","Gas",30,60
"HND","Oil",30,60
"HND","Solar",30,60
"HND","Wind",30,60
"HND","Waste",30,60
"HND","Hydro",30,60
"HRV","Coal",30,60
"HRV","Gas",30,60
"HRV","Oil",30,60
"HRV","Solar",30,60
"HRV","Wind",30,60
"HRV","Waste",30,60
"HRV","Hydro",30,60
"HUN","Coal",30,60
"HUN","Gas",30,60
"HUN","Oil",30,60
"HUN","Solar",30,60
"HUN","Wind",30,60
"HUN","Waste",30,60
"HUN","Hydro",30,60
"IDN","Coal",30,60
"IDN","Gas",30,60
"IDN","Oil",30,60
"IDN","Solar",30,60
"IDN","Wind",30,60
"IDN","Waste",30,60
"IDN","Hydro",30,60
"IND","Coal",30,60
"IND","Gas",30,60
"IND","Oil",30,60
"IND","Solar",30,60
"IND","Wind",30,60
"IND","Waste",30,60
"IND","Hydro",30,60
"IRL","Coal",30,60
"IRL","Gas",30,60
"IRL","Oil",30,60
"IRL","Solar",30,60
"IRL","Wind",30,60
"IRL","Waste",30,60
"IRL","Hydro",30,60
"IRN","Coal",30,60
"IRN","Gas",30,60
"IRN","Oil",30,60
"IRN","Solar",30,60
"IRN","Wind",30,60
"IRN","Waste",30,60
"IRN","Hydro",30,60
"IRQ","Coal",30,60
"IRQ","Gas",30,60
"IRQ","Oil",30,60
"IRQ","Solar",30,60
"IRQ","Wind",30,60
"IRQ","Waste",30,60
"IRQ","Hydro",30,60
"ISL","Coal",30,60
"ISL","Gas",30,60
"ISL","Oil",30,60
"ISL","Solar",30,60
"ISL","Wind",30,60
"ISL","Waste",30,60
"ISL","Hydro",30,60
"ISR","Coal",30,60
"ISR","Gas",30,60
"ISR","Oil",30,60
"ISR","Solar",30,60
"ISR","Wind",30,60
"ISR","Waste",30,60
"ISR","Hydro",30,60
"ITA","Coal",30,60
"ITA","Gas",30,60
"ITA","Oil",30,60
"ITA","Solar",30,60
"ITA","Wind",30,60
"ITA","Waste",30,60
"ITA","Hydro",30,60
"JAM","Coal",30,60
"JAM","Gas",30,60
"JAM","Oil",30,60
"JAM","Solar",30,60
"JAM","Wind",30,60
"JAM","Waste",30,60
"JAM","Hydro",30,60
"JOR","Coal",30,60
"JOR","Gas",30,60
"JOR","Oil",30,60
"JOR","Solar",30,60
"JOR","Wind",30,60
"JOR","Waste",30,60
"JOR","Hydro",30,60
"JPN","Coal",30,60
"JPN","Gas",30,60
"JPN","Oil",30,60
"JPN","Solar",30,60
"JPN","Wind",30,60
"JPN","Waste",30,60
"JPN","Hydro",30,60
"KAZ","Coal",30,60
"KAZ","Gas",30,60
"KAZ","Oil",30,60
"KAZ","Solar",30,60
"KAZ","Wind",30,60
"KAZ","Waste",30,60
"KAZ","Hydro",30,60
"KEN","Coal",30,60
"KEN","Gas",30,60
"KEN","Oil",30,60
"KEN","Solar",30,60
"KEN","Wind",30,60
"KEN","Waste",30,60
"KEN","Hydro",30,60
"KGZ","Coal",30,60
"KGZ","Gas",30,60
"KGZ","Oil",30,60
"KGZ","Solar",30,60
"KGZ","Wind",30,60
"KGZ","Waste",30,60
"KGZ","Hydro",30,60
"KHM","Coal",30,60
"KHM","Gas",30,60
"KHM","Oil",30,60
"KHM","Solar",30,60
"KHM","Wind",30,60
"KHM","Waste",30,60
"KHM","Hydro",30,60
"KOR","Coal",30,60
"KOR","Gas",30,60
"KOR","Oil",30,60
"KOR","Solar",30,60
"KOR","Wind",30,60
"KOR","Waste",30,60
"KOR","Hydro",30,60
"KOS","Coal",30,60
"KOS","Gas",30,60
"KOS","Oil",30,60
"KOS","Solar",30,60
"KOS","Wind",30,60
"KOS","Waste",30,60
"KOS","Hydro",30,60
"KWT","Coal",30,60
"KWT","Gas",30,60
"KWT","Oil",30,60
"KWT","Solar",30,60
"KWT","Wind",30,60
"KWT","Waste",30,60
"KWT","Hydro",30,60
"LAO","Coal",30,60
"LAO","Gas",30,60
"LAO","Oil",30,60
"LAO","Solar",30,60
"LAO","Wind",30,60
"LAO","Waste",30,60
"LAO","Hydro",30,60
"LBN","Coal",30,60
"LBN","Gas",30,60
"LBN","Oil",30,60
"LBN","Solar",30,60
"LBN","Wind",30,60
"LBN","Waste",30,60
"LBN","Hydro",30,60
"LBR","Coal",30,60
"LBR","Gas",30,60
"LBR","Oil",30,60
"LBR","Solar",30,60
"LBR","Wind",30,60
"LBR","Waste",30,60
"LBR","Hydro",30,60
"LBY","Coal",30,60
"LBY","Gas",30,60
"LBY","Oil",30,60
"LBY","Solar",30,60
"LBY","Wind",30,60
"LBY","Waste",30,60
"LBY","Hydro",30,60
"LKA","Coal",30,60
"LKA","Gas",30,60
"LKA","Oil",30,60
"LKA","Solar",30,60
"LKA","Wind",30,60
"LKA","Waste",30,60
"LKA","Hydro",30,60
"LSO","Coal",30,60
"LSO","Gas",30,60
"LSO","Oil",30,60
"LSO","Solar",30,60
"LSO","Wind",30,60
"LSO","Waste",30,60
"LSO","Hydro",30,60
"LTU","Coal",30,60
"LTU","Gas",30,60
"LTU","Oil",30,60
"LTU","Solar",30,60
"LTU","Wind",30,60
"LTU","Waste",30,60
"LTU","Hydro",30,60
"LUX","Coal",30,60
"LUX","Gas",30,60
"LUX","Oil",30,60
"LUX","Solar",30,60
"LUX","Wind",30,60
"LUX","Waste",30,60
"LUX","Hydro",30,60
"LVA","Coal",30,60
"LVA","Gas",30,60
"LVA","Oil",30,60
"LVA","Solar",30,60
"LVA","Wind",30,60
"LVA","Waste",30,60
"LVA","Hydro",30,60
"MAR","Coal",30,60
"MAR","Gas",30,60
"MAR","Oil",30,60
"MAR","Solar",30,60
"MAR","Wind",30,60
"MAR","Waste",30,60
"MAR","Hydro",30,60
"MDA","Coal",30,60
"MDA","Gas",30,60
"MDA","Oil",30,60
"MDA","Solar",30,60
"MDA","Wind",30,60
"MDA","Waste",30,60
"MDA","Hydro",30,60
"MDG","Coal",30,60
"MDG","Gas",30,60
"MDG","Oil",30,60
"MDG","Solar",30,60
"MDG","Wind",30,60
"MDG","Waste",30,60
"MDG","Hydro",30,60
"MEX","Coal",30,60
"MEX","Gas",30,60
"MEX","Oil",30,60
"MEX","Solar",30,60
"MEX","Wind",30,60
"MEX","Waste",30,60
"MEX","Hydro",30,60
"MKD","Coal",30,60
"MKD","Gas",30,60
"MKD","Oil",30,60
"MKD","Solar",30,60
"MKD","Wind",30,60
"MKD","Waste",30,60
"MKD","Hydro",30,60
"MLI","Coal",30,60
"MLI","Gas",30,60
"MLI","Oil",30,60
"MLI","Solar",30,60
"MLI","Wind",30,60
"MLI","Waste",30,60
"MLI","Hydro",30,60
"MMR","Coal",30,60
"MMR","Gas",30,60
"MMR","Oil",30,60
"MMR","Solar",30,60
"MMR","Wind",30,60
"MMR","Waste",30,60
"MMR","Hydro",30,60
"MNE","Coal",30,60
"MNE","Gas",30,60
"MNE","Oil",30,60
"MNE","Solar",30,60
"MNE","Wind",30,60
"MNE","Waste",30,60
"MNE","Hydro",30,60
"MNG","Coal",30,60
"MNG","Gas",30,60
"MNG","Oil",30,60
"MNG","Solar",30,60
"MNG","Wind",30,60
"MNG","Waste",30,60
"MNG","Hydro",30,60
"MOZ","Coal",30,60
"MOZ","Gas",30,60
"MOZ","Oil",30,60
"MOZ","Solar",30,60
"MOZ","Wind",30,60
"MOZ","Waste",30,60
"MOZ","Hydro",30,60
"MRT","Coal",30,60
"MRT","Gas",30,60
"MRT","Oil",30,60
"MRT","Solar",30,60
"MRT","Wind",30,60
"MRT","Waste",30,60
"MRT","Hydro",30,60
"MUS","Coal",30,60
"MUS","Gas",30,60
"MUS","Oil",30,60
"MUS","Solar",30,60
"MUS","Wind",30,60
"MUS","Waste",30,60
"MUS","Hydro",30,60
"MWI","Coal",30,60
"MWI","Gas",30,60
"MWI","Oil",30,60
"MWI","Solar",30,60
"MWI","Wind",30,60
"MWI","Waste",30,60
"MWI","Hydro",30,60
"MYS","Coal",30,60
"MYS","Gas",30,60
"MYS","Oil",30,60
"MYS","Solar",30,60
"MYS","Wind",30,60
"MYS","Waste",30,60
"MYS","Hydro",30,60
"NAM","Coal",30,60
"NAM","Gas",30,60
"NAM","Oil",30,60
"NAM","Solar",30,60
"NAM","Wind",30,60
"NAM","Waste",30,60
"NAM","Hydro",30,60
"NER","Coal",30,60
"NER","Gas",30,60
"NER","Oil",30,60
"NER","Solar",30,60
"NER","Wind",30,60
"NER","Waste",30,60
"NER","Hydro",30,60
"NGA","Coal",30,60
"NGA","Gas",30,60
"NGA","Oil",30,60
"NGA","Solar",30,60
"NGA","Wind",30,60
"NGA","Waste",30,60
"NGA","Hydro",30,60
"NIC","Coal",30,60
"NIC","Gas",30,60
"NIC","Oil",30,60
"NIC","Solar",30,60
"NIC","Wind",30,60
"NIC","Waste",30,60
"NIC","Hydro",30,60
"NLD","Coal",30,60
"NLD","Gas",30,60
"NLD","Oil",30,60
"NLD","Solar",30,60
"NLD","Wind",30,60
"NLD","Waste",30,60
"NLD","Hydro",30,60
"NOR","Coal",30,60
"NOR","Gas",30,60
"NOR","Oil",30,60
"NOR","Solar",30,60
"NOR","Wind",30,60
"NOR","Waste",30,60
"NOR","Hydro",30,60
"NPL","Coal",30,60
"NPL","Gas",30,60
"NPL","Oil",30,60
"NPL","Solar",30,60
"NPL","Wind",30,60
"NPL","Waste",30,60
"NPL","Hydro",30,60
"NZL","Coal",30,60
"NZL","Gas",30,60
"NZL","Oil",30,60
"NZL","Solar",30,60
"NZL","Wind",30,60
"NZL","Waste",30,60
"NZL","Hydro",30,60
"OMN","Coal",30,60
"OMN","Gas",30,60
"OMN","Oil",30,60
"OMN","Solar",30,60
"OMN","Wind",30,60
"OMN","Waste",30,60
"OMN","Hydro",30,60
"PAK","Coal",30,60
"PAK","Gas",30,60
"PAK","Oil",30,60
"PAK","Solar",30,60
"PAK","Wind",30,60
"PAK","Waste",30,60
"PAK","Hydro",30,60
"PAN","Coal",30,60
"PAN","Gas",30,60
"PAN","Oil",30,60
"PAN","Solar",30,60
"PAN","Wind",30,60
"PAN","Waste",30,60
"PAN","Hydro",30,60
"PER","Coal",30,60
"PER","Gas",30,60
"PER","Oil",30,60
"PER","Solar",30,60
"PER","Wind",30,60
"PER","Waste",30,60
"PER","Hydro",30,60
"PHL","Coal",30,60
"PHL","Gas",30,60
"PHL","Oil",30,60
"PHL","Solar",30,60
"PHL","Wind",30,60
"PHL","Waste",30,60
"PHL","Hydro",30,60
"PNG","Coal",30,60
"PNG","Gas",30,60
"PNG","Oil",30,60
"PNG","Solar",30,60
"PNG","Wind",30,60
"PNG","Waste",30,60
"PNG","Hydro",30,60
"POL","Coal",30,60
"POL","Gas",30,60
"POL","Oil",30,60
"POL","Solar",30,60
"POL","Wind",30,60
"POL","Waste",30,60
"POL","Hydro",30,60
"PRK","Coal",30,60
"PRK","Gas",30,60
"PRK","Oil",30,60
"PRK","Solar",30,60
"PRK","Wind",30,60
"PRK","Waste",30,60
"PRK","Hydro",30,60
"PRT","Coal",30,60
"PRT","Gas",30,60
"PRT","Oil",30,60
"PRT","Solar",30,60
"PRT","Wind",30,60
"PRT","Waste",30,60
"PRT","Hydro",30,60
"PRY","Coal",30,60
"PRY","Gas",30,60
"PRY","Oil",30,60
"PRY","Solar",30,60
"PRY","Wind",30,60
"PRY","Waste",30,60
"PRY","Hydro",30,60
"QAT","Coal",30,60
"QAT","Gas",30,60
"QAT","Oil",30,60
"QAT","Solar",30,60
"QAT","Wind",30,60
"QAT","Waste",30,60
"QAT","Hydro",30,60
"ROU","Coal",30,60
"ROU","Gas",30,60
"ROU","Oil",30,60
"ROU","Solar",30,60
"ROU","Wind",30,60
"ROU","Waste",30,60
"ROU","Hydro",30,60
"RUS","Coal",30,60
"RUS","Gas",30,60
"RUS","Oil",30,60
"RUS","Solar",30,60
"RUS","Wind",30,60
"RUS","Waste",30,60
"RUS","Hydro",30,60
"RWA","Coal",30,60
"RWA","Gas",30,60
"RWA","Oil",30,60
"RWA","Solar",30,60
"RWA","Wind",30,60
"RWA","Waste",30,60
"RWA","Hydro",30,60
"SAU","Coal",30,60
"SAU","Gas",30,60
"SAU","Oil",30,60
"SAU","Solar",30,60
"SAU","Wind",30,60
"SAU","Waste",30,60
"SAU","Hydro",30,60
"SDN","Coal",30,60
"SDN","Gas",30,60
"SDN","Oil",30,60
"SDN","Solar",30,60
"SDN","Wind",30,60
"SDN","Waste",30,60
"SDN","Hydro",30,60
"SEN","Coal",30,60
"SEN","Gas",30,60
"SEN","Oil",30,60
"SEN","Solar",30,60
"SEN","Wind",30,60
"SEN","Waste",30,60
"SEN","Hydro",30,60
"SGP","Coal",30,60
"SGP","Gas",30,60
"SGP","Oil",30,60
"SGP","Solar",30,60
"SGP","Wind",30,60
"SGP","Waste",30,60
"SGP","Hydro",30,60
"SLE","Coal",30,60
"SLE","Gas",30,60
"SLE","Oil",30,60
"SLE","Solar",30,60
"SLE","Wind",30,60
"SLE","Waste",30,60
"SLE","Hydro",30,60
"SLV","Coal",30,60
"SLV","Gas",30,60
"SLV","Oil",30,60
"SLV","Solar",30,60
"SLV","Wind",30,60
"SLV","Waste",30,60
"SLV","Hydro",30,60
"SRB","Coal",30,60
"SRB","Gas",30,60
"SRB","Oil",30,60
"SRB","Solar",30,60
"SRB","Wind",30,60
"SRB","Waste",30,60
"SRB","Hydro",30,60
"SVK","Coal",30,60
"SVK","Gas",30,60
"SVK","Oil",30,60
"SVK","Solar",30,60
"SVK","Wind",30,60
"SVK","Waste",30,60
"SVK","Hydro",30,60
"SVN","Coal",30,60
"SVN","Gas",30,60
"SVN","Oil",30,60
"SVN","Solar",30,60
"SVN","Wind",30,60
"SVN","Waste",30,60
"SVN","Hydro",30,60
"SWE","Coal",30,60
"SWE","Gas",30,60
"SWE","Oil",30,60
"SWE","Solar",30,60
"SWE","Wind",30,60
"SWE","Waste",30,60
"SWE","Hydro",30,60
"SWZ","Coal",30,60
"SWZ","Gas",30,60
"SWZ","Oil",30,60
"SWZ","Solar",30,60
"SWZ","Wind",30,60
"SWZ","Waste",30,60
"SWZ","Hydro",30,60
"SYR","Coal",30,60
"SYR","Gas",30,60
"SYR","Oil",30,60
"SYR","Solar",30,60
"SYR","Wind",30,60
"SYR","Waste",30,60
"SYR","Hydro",30,60
"TGO","Coal",30,60
"TGO","Gas",30,60
"TGO","Oil",30,60
"TGO","Solar",30,60
"TGO","Wind",30,60
"TGO","Waste",30,60
"TGO","Hydro",30,60
"THA","Coal",30,60
"THA","Gas",30,60
"THA","Oil",30,60
"THA","Solar",30,60
"THA","Wind",30,60
"THA","Waste",30,60
"THA","Hydro",30,60
"TJK","Coal",30,60
"TJK","Gas",30,60
"TJK","Oil",30,60
"TJK","Solar",30,60
"TJK","Wind",30,60
"TJK","Waste",30,60
"TJK","Hydro",30,60
"TKM","Coal",30,60
"TKM","Gas",30,60
"TKM","Oil",30,60
"TKM","Solar",30,60
"TKM","Wind",30,60
"TKM","Waste",30,60
"TKM","Hydro",30,60
"TTO","Coal",30,60
"TTO","Gas",30,60
"TTO","Oil",30,60
"TTO","Solar",30,60
"TTO","Wind",30,60
"TTO","Waste",30,60
"TTO","Hydro",30,60
"TUN","Coal",30,60
"TUN","Gas",30,60
"TUN","Oil",30,60
"TUN","Solar",30,60
"TUN","Wind",30,60
"TUN","Waste",30,60
"TUN","Hydro",30,60
"TUR","Coal",30,60
"TUR","Gas",30,60
"TUR","Oil",30,60
"TUR","Solar",30,60
"TUR","Wind",30,60
"TUR","Waste",30,60
"TUR","Hydro",30,60
"TWN","Coal",30,60
"TWN","Gas",30,60
"TWN","Oil",30,60
"TWN","Solar",30,60
"TWN","Wind",30,60
"TWN","Waste",30,60
"TWN","Hydro",30,60
"TZA","Coal",30,60
"TZA","Gas",30,60
"TZA","Oil",30,60
"TZA","Solar",30,60
"TZA","Wind",30,60
"TZA","Waste",30,60
"TZA","Hydro",30,60
"UGA","Coal",30,60
"UGA","Gas",30,60
"UGA","Oil",30,60
"UGA","Solar",30,60
"UGA","Wind",30,60
"UGA","Waste",30,60
"UGA","Hydro",30,60
"UKR","Coal",30,60
"UKR","Gas",30,60
"UKR","Oil",30,60
"UKR","Solar",30,60
"UKR","Wind",30,60
"UKR","Waste",30,60
"UKR","Hydro",30,60
"URY","Coal",30,60
"URY","Gas",30,60
"URY","Oil",30,60
"URY","Solar",30,60
"URY","Wind",30,60
"URY","Waste",30,60
"URY","Hydro",30,60
"USA","Coal",30,60
"USA","Gas",30,60
"USA","Oil",30,60
"USA","Solar",30,60
"USA","Wind",30,60
"USA","Waste",30,60
"USA","Hydro",30,60
"UZB","Coal",30,60
"UZB","Gas",30,60
"UZB","Oil",30,60
"UZB","Solar",30,60
"UZB","Wind",30,60
"UZB","Waste",30,60
"UZB","Hydro",30,60
"VEN","Coal",30,60
"VEN","Gas",30,60
"VEN","Oil",30,60
"VEN","Solar",30,60
"VEN","Wind",30,60
"VEN","Waste",30,60
"VEN","Hydro",30,60
"VNM","Coal",30,60
"VNM","Gas",30,60
"VNM","Oil",30,60
"VNM","Solar",30,60
"VNM","Wind",30,60
"VNM","Waste",30,60
"VNM","Hydro",30,60
"YEM","Coal",30,60
"YEM","Gas",30,60
"YEM","Oil",30,60
"YEM","Solar",30,60
"YEM","Wind",30,60
"YEM","Waste",30,60
"YEM","Hydro",30,60
"ZAF","Coal",30,60
"ZAF","Gas",30,60
"ZAF","Oil",30,60
"ZAF","Solar",30,60
"ZAF","Wind",30,60
"ZAF","Waste",30,60
"ZAF","Hydro",30,60
"ZMB","Coal",30,60
"ZMB","Gas",30,60
"ZMB","Oil",30,60
"ZMB","Solar",30,60
"ZMB","Wind",30,60
"ZMB","Waste",30,60
"ZMB","Hydro",30,60
"ZWE","Coal",30,60
"ZWE","Gas",30,60
"ZWE","Oil",30,60
"ZWE","Solar",30,60
"ZWE","Wind",30,60
"ZWE","Waste",30,60
"ZWE","Hydro",30,60
