### Heat rates and emissions were gathered from EIA: https://www.eia.gov/analysis/studies/powerplants/capitalcost/pdf/capital_cost_AEO2020.pdf,,,
"### Technically waste and biomass emit, but we may want to set those values to 0 (or some lower number) because over a lifecycle biomass is burned then regrown (net zero)",,,
"### All values are from the EIA for the US, but nation specific values will be added soon",,,
country,primary_fuel,heat_rate_btu_per_kwh,co2_lb_per_mmbtu
AFG,Coal,10551,206
AFG,Gas,7732,117
AFG,Oil,11135,117
AFG,Solar,3412,0
AFG,Wind,3412,0
AFG,Waste,8513,117
AFG,Hydro,3412,0
AFG,Geothermal,3412,0
AFG,Biomass,13300,206
AFG,Nuclear,10608,0
AGO,Coal,10551,206
AGO,Gas,7732,117
AGO,Oil,11135,117
AGO,Solar,3412,0
AGO,Wind,3412,0
AGO,Waste,8513,117
AGO,Hydro,3412,0
AGO,Geothermal,3412,0
AGO,Biomass,13300,206
AGO,Nuclear,10608,0
ALB,Coal,10551,206
ALB,Gas,7732,117
ALB,Oil,11135,117
ALB,Solar,3412,0
ALB,Wind,3412,0
ALB,Waste,8513,117
ALB,Hydro,3412,0
ALB,Geothermal,3412,0
ALB,Biomass,13300,206
ALB,Nuclear,10608,0
ARE,Coal,10551,206
ARE,Gas,7732,117
ARE,Oil,11135,117
ARE,Solar,3412,0
ARE,Wind,3412,0
ARE,Waste,8513,117
ARE,Hydro,3412,0
ARE,Geothermal,3412,0
ARE,Biomass,13300,206
ARE,Nuclear,10608,0
ARG,Coal,10551,206
ARG,Gas,7732,117
ARG,Oil,11135,117
ARG,Solar,3412,0
ARG,Wind,3412,0
ARG,Waste,8513,117
ARG,Hydro,3412,0
ARG,Geothermal,3412,0
ARG,Biomass,13300,206
ARG,Nuclear,10608,0
ARM,Coal,10551,206
ARM,Gas,7732,117
ARM,Oil,11135,117
ARM,Solar,3412,0
ARM,Wind,3412,0
ARM,Waste,8513,117
ARM,Hydro,3412,0
ARM,Geothermal,3412,0
ARM,Biomass,13300,206
ARM,Nuclear,10608,0
ATA,Coal,10551,206
ATA,Gas,7732,117
ATA,Oil,11135,117
ATA,Solar,3412,0
ATA,Wind,3412,0
ATA,Waste,8513,117
ATA,Hydro,3412,0
ATA,Geothermal,3412,0
ATA,Biomass,13300,206
ATA,Nuclear,10608,0
AUS,Coal,10551,206
AUS,Gas,7732,117
AUS,Oil,11135,117
AUS,Solar,3412,0
AUS,Wind,3412,0
AUS,Waste,8513,117
AUS,Hydro,3412,0
AUS,Geothermal,3412,0
AUS,Biomass,13300,206
AUS,Nuclear,10608,0
AUT,Coal,10551,206
AUT,Gas,7732,117
AUT,Oil,11135,117
AUT,Solar,3412,0
AUT,Wind,3412,0
AUT,Waste,8513,117
AUT,Hydro,3412,0
AUT,Geothermal,3412,0
AUT,Biomass,13300,206
AUT,Nuclear,10608,0
AZE,Coal,10551,206
AZE,Gas,7732,117
AZE,Oil,11135,117
AZE,Solar,3412,0
AZE,Wind,3412,0
AZE,Waste,8513,117
AZE,Hydro,3412,0
AZE,Geothermal,3412,0
AZE,Biomass,13300,206
AZE,Nuclear,10608,0
BDI,Coal,10551,206
BDI,Gas,7732,117
BDI,Oil,11135,117
BDI,Solar,3412,0
BDI,Wind,3412,0
BDI,Waste,8513,117
BDI,Hydro,3412,0
BDI,Geothermal,3412,0
BDI,Biomass,13300,206
BDI,Nuclear,10608,0
BEL,Coal,10551,206
BEL,Gas,7732,117
BEL,Oil,11135,117
BEL,Solar,3412,0
BEL,Wind,3412,0
BEL,Waste,8513,117
BEL,Hydro,3412,0
BEL,Geothermal,3412,0
BEL,Biomass,13300,206
BEL,Nuclear,10608,0
BEN,Coal,10551,206
BEN,Gas,7732,117
BEN,Oil,11135,117
BEN,Solar,3412,0
BEN,Wind,3412,0
BEN,Waste,8513,117
BEN,Hydro,3412,0
BEN,Geothermal,3412,0
BEN,Biomass,13300,206
BEN,Nuclear,10608,0
BFA,Coal,10551,206
BFA,Gas,7732,117
BFA,Oil,11135,117
BFA,Solar,3412,0
BFA,Wind,3412,0
BFA,Waste,8513,117
BFA,Hydro,3412,0
BFA,Geothermal,3412,0
BFA,Biomass,13300,206
BFA,Nuclear,10608,0
BGD,Coal,10551,206
BGD,Gas,7732,117
BGD,Oil,11135,117
BGD,Solar,3412,0
BGD,Wind,3412,0
BGD,Waste,8513,117
BGD,Hydro,3412,0
BGD,Geothermal,3412,0
BGD,Biomass,13300,206
BGD,Nuclear,10608,0
BGR,Coal,10551,206
BGR,Gas,7732,117
BGR,Oil,11135,117
BGR,Solar,3412,0
BGR,Wind,3412,0
BGR,Waste,8513,117
BGR,Hydro,3412,0
BGR,Geothermal,3412,0
BGR,Biomass,13300,206
BGR,Nuclear,10608,0
BHR,Coal,10551,206
BHR,Gas,7732,117
BHR,Oil,11135,117
BHR,Solar,3412,0
BHR,Wind,3412,0
BHR,Waste,8513,117
BHR,Hydro,3412,0
BHR,Geothermal,3412,0
BHR,Biomass,13300,206
BHR,Nuclear,10608,0
BIH,Coal,10551,206
BIH,Gas,7732,117
BIH,Oil,11135,117
BIH,Solar,3412,0
BIH,Wind,3412,0
BIH,Waste,8513,117
BIH,Hydro,3412,0
BIH,Geothermal,3412,0
BIH,Biomass,13300,206
BIH,Nuclear,10608,0
BLR,Coal,10551,206
BLR,Gas,7732,117
BLR,Oil,11135,117
BLR,Solar,3412,0
BLR,Wind,3412,0
BLR,Waste,8513,117
BLR,Hydro,3412,0
BLR,Geothermal,3412,0
BLR,Biomass,13300,206
BLR,Nuclear,10608,0
BOL,Coal,10551,206
BOL,Gas,7732,117
BOL,Oil,11135,117
BOL,Solar,3412,0
BOL,Wind,3412,0
BOL,Waste,8513,117
BOL,Hydro,3412,0
BOL,Geothermal,3412,0
BOL,Biomass,13300,206
BOL,Nuclear,10608,0
BRA,Coal,10551,206
BRA,Gas,7732,117
BRA,Oil,11135,117
BRA,Solar,3412,0
BRA,Wind,3412,0
BRA,Waste,8513,117
BRA,Hydro,3412,0
BRA,Geothermal,3412,0
BRA,Biomass,13300,206
BRA,Nuclear,10608,0
BRN,Coal,10551,206
BRN,Gas,7732,117
BRN,Oil,11135,117
BRN,Solar,3412,0
BRN,Wind,3412,0
BRN,Waste,8513,117
BRN,Hydro,3412,0
BRN,Geothermal,3412,0
BRN,Biomass,13300,206
BRN,Nuclear,10608,0
BTN,Coal,10551,206
BTN,Gas,7732,117
BTN,Oil,11135,117
BTN,Solar,3412,0
BTN,Wind,3412,0
BTN,Waste,8513,117
BTN,Hydro,3412,0
BTN,Geothermal,3412,0
BTN,Biomass,13300,206
BTN,Nuclear,10608,0
BWA,Coal,10551,206
BWA,Gas,7732,117
BWA,Oil,11135,117
BWA,Solar,3412,0
BWA,Wind,3412,0
BWA,Waste,8513,117
BWA,Hydro,3412,0
BWA,Geothermal,3412,0
BWA,Biomass,13300,206
BWA,Nuclear,10608,0
CAF,Coal,10551,206
CAF,Gas,7732,117
CAF,Oil,11135,117
CAF,Solar,3412,0
CAF,Wind,3412,0
CAF,Waste,8513,117
CAF,Hydro,3412,0
CAF,Geothermal,3412,0
CAF,Biomass,13300,206
CAF,Nuclear,10608,0
CAN,Coal,10551,206
CAN,Gas,7732,117
CAN,Oil,11135,117
CAN,Solar,3412,0
CAN,Wind,3412,0
CAN,Waste,8513,117
CAN,Hydro,3412,0
CAN,Geothermal,3412,0
CAN,Biomass,13300,206
CAN,Nuclear,10608,0
CHE,Coal,10551,206
CHE,Gas,7732,117
CHE,Oil,11135,117
CHE,Solar,3412,0
CHE,Wind,3412,0
CHE,Waste,8513,117
CHE,Hydro,3412,0
CHE,Geothermal,3412,0
CHE,Biomass,13300,206
CHE,Nuclear,10608,0
CHL,Coal,10551,206
CHL,Gas,7732,117
CHL,Oil,11135,117
CHL,Solar,3412,0
CHL,Wind,3412,0
CHL,Waste,8513,117
CHL,Hydro,3412,0
CHL,Geothermal,3412,0
CHL,Biomass,13300,206
CHL,Nuclear,10608,0
CHN,Coal,10551,206
CHN,Gas,7732,117
CHN,Oil,11135,117
CHN,Solar,3412,0
CHN,Wind,3412,0
CHN,Waste,8513,117
CHN,Hydro,3412,0
CHN,Geothermal,3412,0
CHN,Biomass,13300,206
CHN,Nuclear,10608,0
CIV,Coal,10551,206
CIV,Gas,7732,117
CIV,Oil,11135,117
CIV,Solar,3412,0
CIV,Wind,3412,0
CIV,Waste,8513,117
CIV,Hydro,3412,0
CIV,Geothermal,3412,0
CIV,Biomass,13300,206
CIV,Nuclear,10608,0
CMR,Coal,10551,206
CMR,Gas,7732,117
CMR,Oil,11135,117
CMR,Solar,3412,0
CMR,Wind,3412,0
CMR,Waste,8513,117
CMR,Hydro,3412,0
CMR,Geothermal,3412,0
CMR,Biomass,13300,206
CMR,Nuclear,10608,0
COD,Coal,10551,206
COD,Gas,7732,117
COD,Oil,11135,117
COD,Solar,3412,0
COD,Wind,3412,0
COD,Waste,8513,117
COD,Hydro,3412,0
COD,Geothermal,3412,0
COD,Biomass,13300,206
COD,Nuclear,10608,0
COG,Coal,10551,206
COG,Gas,7732,117
COG,Oil,11135,117
COG,Solar,3412,0
COG,Wind,3412,0
COG,Waste,8513,117
COG,Hydro,3412,0
COG,Geothermal,3412,0
COG,Biomass,13300,206
COG,Nuclear,10608,0
COL,Coal,10551,206
COL,Gas,7732,117
COL,Oil,11135,117
COL,Solar,3412,0
COL,Wind,3412,0
COL,Waste,8513,117
COL,Hydro,3412,0
COL,Geothermal,3412,0
COL,Biomass,13300,206
COL,Nuclear,10608,0
CPV,Coal,10551,206
CPV,Gas,7732,117
CPV,Oil,11135,117
CPV,Solar,3412,0
CPV,Wind,3412,0
CPV,Waste,8513,117
CPV,Hydro,3412,0
CPV,Geothermal,3412,0
CPV,Biomass,13300,206
CPV,Nuclear,10608,0
CRI,Coal,10551,206
CRI,Gas,7732,117
CRI,Oil,11135,117
CRI,Solar,3412,0
CRI,Wind,3412,0
CRI,Waste,8513,117
CRI,Hydro,3412,0
CRI,Geothermal,3412,0
CRI,Biomass,13300,206
CRI,Nuclear,10608,0
CUB,Coal,10551,206
CUB,Gas,7732,117
CUB,Oil,11135,117
CUB,Solar,3412,0
CUB,Wind,3412,0
CUB,Waste,8513,117
CUB,Hydro,3412,0
CUB,Geothermal,3412,0
CUB,Biomass,13300,206
CUB,Nuclear,10608,0
CYP,Coal,10551,206
CYP,Gas,7732,117
CYP,Oil,11135,117
CYP,Solar,3412,0
CYP,Wind,3412,0
CYP,Waste,8513,117
CYP,Hydro,3412,0
CYP,Geothermal,3412,0
CYP,Biomass,13300,206
CYP,Nuclear,10608,0
CZE,Coal,10551,206
CZE,Gas,7732,117
CZE,Oil,11135,117
CZE,Solar,3412,0
CZE,Wind,3412,0
CZE,Waste,8513,117
CZE,Hydro,3412,0
CZE,Geothermal,3412,0
CZE,Biomass,13300,206
CZE,Nuclear,10608,0
DEU,Coal,10551,206
DEU,Gas,7732,117
DEU,Oil,11135,117
DEU,Solar,3412,0
DEU,Wind,3412,0
DEU,Waste,8513,117
DEU,Hydro,3412,0
DEU,Geothermal,3412,0
DEU,Biomass,13300,206
DEU,Nuclear,10608,0
DJI,Coal,10551,206
DJI,Gas,7732,117
DJI,Oil,11135,117
DJI,Solar,3412,0
DJI,Wind,3412,0
DJI,Waste,8513,117
DJI,Hydro,3412,0
DJI,Geothermal,3412,0
DJI,Biomass,13300,206
DJI,Nuclear,10608,0
DNK,Coal,10551,206
DNK,Gas,7732,117
DNK,Oil,11135,117
DNK,Solar,3412,0
DNK,Wind,3412,0
DNK,Waste,8513,117
DNK,Hydro,3412,0
DNK,Geothermal,3412,0
DNK,Biomass,13300,206
DNK,Nuclear,10608,0
DOM,Coal,10551,206
DOM,Gas,7732,117
DOM,Oil,11135,117
DOM,Solar,3412,0
DOM,Wind,3412,0
DOM,Waste,8513,117
DOM,Hydro,3412,0
DOM,Geothermal,3412,0
DOM,Biomass,13300,206
DOM,Nuclear,10608,0
DZA,Coal,10551,206
DZA,Gas,7732,117
DZA,Oil,11135,117
DZA,Solar,3412,0
DZA,Wind,3412,0
DZA,Waste,8513,117
DZA,Hydro,3412,0
DZA,Geothermal,3412,0
DZA,Biomass,13300,206
DZA,Nuclear,10608,0
ECU,Coal,10551,206
ECU,Gas,7732,117
ECU,Oil,11135,117
ECU,Solar,3412,0
ECU,Wind,3412,0
ECU,Waste,8513,117
ECU,Hydro,3412,0
ECU,Geothermal,3412,0
ECU,Biomass,13300,206
ECU,Nuclear,10608,0
EGY,Coal,10551,206
EGY,Gas,7732,117
EGY,Oil,11135,117
EGY,Solar,3412,0
EGY,Wind,3412,0
EGY,Waste,8513,117
EGY,Hydro,3412,0
EGY,Geothermal,3412,0
EGY,Biomass,13300,206
EGY,Nuclear,10608,0
ERI,Coal,10551,206
ERI,Gas,7732,117
ERI,Oil,11135,117
ERI,Solar,3412,0
ERI,Wind,3412,0
ERI,Waste,8513,117
ERI,Hydro,3412,0
ERI,Geothermal,3412,0
ERI,Biomass,13300,206
ERI,Nuclear,10608,0
ESH,Coal,10551,206
ESH,Gas,7732,117
ESH,Oil,11135,117
ESH,Solar,3412,0
ESH,Wind,3412,0
ESH,Waste,8513,117
ESH,Hydro,3412,0
ESH,Geothermal,3412,0
ESH,Biomass,13300,206
ESH,Nuclear,10608,0
ESP,Coal,10551,206
ESP,Gas,7732,117
ESP,Oil,11135,117
ESP,Solar,3412,0
ESP,Wind,3412,0
ESP,Waste,8513,117
ESP,Hydro,3412,0
ESP,Geothermal,3412,0
ESP,Biomass,13300,206
ESP,Nuclear,10608,0
EST,Coal,10551,206
EST,Gas,7732,117
EST,Oil,11135,117
EST,Solar,3412,0
EST,Wind,3412,0
EST,Waste,8513,117
EST,Hydro,3412,0
EST,Geothermal,3412,0
EST,Biomass,13300,206
EST,Nuclear,10608,0
ETH,Coal,10551,206
ETH,Gas,7732,117
ETH,Oil,11135,117
ETH,Solar,3412,0
ETH,Wind,3412,0
ETH,Waste,8513,117
ETH,Hydro,3412,0
ETH,Geothermal,3412,0
ETH,Biomass,13300,206
ETH,Nuclear,10608,0
FIN,Coal,10551,206
FIN,Gas,7732,117
FIN,Oil,11135,117
FIN,Solar,3412,0
FIN,Wind,3412,0
FIN,Waste,8513,117
FIN,Hydro,3412,0
FIN,Geothermal,3412,0
FIN,Biomass,13300,206
FIN,Nuclear,10608,0
FJI,Coal,10551,206
FJI,Gas,7732,117
FJI,Oil,11135,117
FJI,Solar,3412,0
FJI,Wind,3412,0
FJI,Waste,8513,117
FJI,Hydro,3412,0
FJI,Geothermal,3412,0
FJI,Biomass,13300,206
FJI,Nuclear,10608,0
FRA,Coal,10551,206
FRA,Gas,7732,117
FRA,Oil,11135,117
FRA,Solar,3412,0
FRA,Wind,3412,0
FRA,Waste,8513,117
FRA,Hydro,3412,0
FRA,Geothermal,3412,0
FRA,Biomass,13300,206
FRA,Nuclear,10608,0
GAB,Coal,10551,206
GAB,Gas,7732,117
GAB,Oil,11135,117
GAB,Solar,3412,0
GAB,Wind,3412,0
GAB,Waste,8513,117
GAB,Hydro,3412,0
GAB,Geothermal,3412,0
GAB,Biomass,13300,206
GAB,Nuclear,10608,0
GBR,Coal,10551,206
GBR,Gas,7732,117
GBR,Oil,11135,117
GBR,Solar,3412,0
GBR,Wind,3412,0
GBR,Waste,8513,117
GBR,Hydro,3412,0
GBR,Geothermal,3412,0
GBR,Biomass,13300,206
GBR,Nuclear,10608,0
GEO,Coal,10551,206
GEO,Gas,7732,117
GEO,Oil,11135,117
GEO,Solar,3412,0
GEO,Wind,3412,0
GEO,Waste,8513,117
GEO,Hydro,3412,0
GEO,Geothermal,3412,0
GEO,Biomass,13300,206
GEO,Nuclear,10608,0
GHA,Coal,10551,206
GHA,Gas,7732,117
GHA,Oil,11135,117
GHA,Solar,3412,0
GHA,Wind,3412,0
GHA,Waste,8513,117
GHA,Hydro,3412,0
GHA,Geothermal,3412,0
GHA,Biomass,13300,206
GHA,Nuclear,10608,0
GIN,Coal,10551,206
GIN,Gas,7732,117
GIN,Oil,11135,117
GIN,Solar,3412,0
GIN,Wind,3412,0
GIN,Waste,8513,117
GIN,Hydro,3412,0
GIN,Geothermal,3412,0
GIN,Biomass,13300,206
GIN,Nuclear,10608,0
GMB,Coal,10551,206
GMB,Gas,7732,117
GMB,Oil,11135,117
GMB,Solar,3412,0
GMB,Wind,3412,0
GMB,Waste,8513,117
GMB,Hydro,3412,0
GMB,Geothermal,3412,0
GMB,Biomass,13300,206
GMB,Nuclear,10608,0
GNB,Coal,10551,206
GNB,Gas,7732,117
GNB,Oil,11135,117
GNB,Solar,3412,0
GNB,Wind,3412,0
GNB,Waste,8513,117
GNB,Hydro,3412,0
GNB,Geothermal,3412,0
GNB,Biomass,13300,206
GNB,Nuclear,10608,0
GNQ,Coal,10551,206
GNQ,Gas,7732,117
GNQ,Oil,11135,117
GNQ,Solar,3412,0
GNQ,Wind,3412,0
GNQ,Waste,8513,117
GNQ,Hydro,3412,0
GNQ,Geothermal,3412,0
GNQ,Biomass,13300,206
GNQ,Nuclear,10608,0
GRC,Coal,10551,206
GRC,Gas,7732,117
GRC,Oil,11135,117
GRC,Solar,3412,0
GRC,Wind,3412,0
GRC,Waste,8513,117
GRC,Hydro,3412,0
GRC,Geothermal,3412,0
GRC,Biomass,13300,206
GRC,Nuclear,10608,0
GTM,Coal,10551,206
GTM,Gas,7732,117
GTM,Oil,11135,117
GTM,Solar,3412,0
GTM,Wind,3412,0
GTM,Waste,8513,117
GTM,Hydro,3412,0
GTM,Geothermal,3412,0
GTM,Biomass,13300,206
GTM,Nuclear,10608,0
GUF,Coal,10551,206
GUF,Gas,7732,117
GUF,Oil,11135,117
GUF,Solar,3412,0
GUF,Wind,3412,0
GUF,Waste,8513,117
GUF,Hydro,3412,0
GUF,Geothermal,3412,0
GUF,Biomass,13300,206
GUF,Nuclear,10608,0
GUY,Coal,10551,206
GUY,Gas,7732,117
GUY,Oil,11135,117
GUY,Solar,3412,0
GUY,Wind,3412,0
GUY,Waste,8513,117
GUY,Hydro,3412,0
GUY,Geothermal,3412,0
GUY,Biomass,13300,206
GUY,Nuclear,10608,0
HND,Coal,10551,206
HND,Gas,7732,117
HND,Oil,11135,117
HND,Solar,3412,0
HND,Wind,3412,0
HND,Waste,8513,117
HND,Hydro,3412,0
HND,Geothermal,3412,0
HND,Biomass,13300,206
HND,Nuclear,10608,0
HRV,Coal,10551,206
HRV,Gas,7732,117
HRV,Oil,11135,117
HRV,Solar,3412,0
HRV,Wind,3412,0
HRV,Waste,8513,117
HRV,Hydro,3412,0
HRV,Geothermal,3412,0
HRV,Biomass,13300,206
HRV,Nuclear,10608,0
HUN,Coal,10551,206
HUN,Gas,7732,117
HUN,Oil,11135,117
HUN,Solar,3412,0
HUN,Wind,3412,0
HUN,Waste,8513,117
HUN,Hydro,3412,0
HUN,Geothermal,3412,0
HUN,Biomass,13300,206
HUN,Nuclear,10608,0
IDN,Coal,10551,206
IDN,Gas,7732,117
IDN,Oil,11135,117
IDN,Solar,3412,0
IDN,Wind,3412,0
IDN,Waste,8513,117
IDN,Hydro,3412,0
IDN,Geothermal,3412,0
IDN,Biomass,13300,206
IDN,Nuclear,10608,0
IND,Coal,10551,206
IND,Gas,7732,117
IND,Oil,11135,117
IND,Solar,3412,0
IND,Wind,3412,0
IND,Waste,8513,117
IND,Hydro,3412,0
IND,Geothermal,3412,0
IND,Biomass,13300,206
IND,Nuclear,10608,0
IRL,Coal,10551,206
IRL,Gas,7732,117
IRL,Oil,11135,117
IRL,Solar,3412,0
IRL,Wind,3412,0
IRL,Waste,8513,117
IRL,Hydro,3412,0
IRL,Geothermal,3412,0
IRL,Biomass,13300,206
IRL,Nuclear,10608,0
IRN,Coal,10551,206
IRN,Gas,7732,117
IRN,Oil,11135,117
IRN,Solar,3412,0
IRN,Wind,3412,0
IRN,Waste,8513,117
IRN,Hydro,3412,0
IRN,Geothermal,3412,0
IRN,Biomass,13300,206
IRN,Nuclear,10608,0
IRQ,Coal,10551,206
IRQ,Gas,7732,117
IRQ,Oil,11135,117
IRQ,Solar,3412,0
IRQ,Wind,3412,0
IRQ,Waste,8513,117
IRQ,Hydro,3412,0
IRQ,Geothermal,3412,0
IRQ,Biomass,13300,206
IRQ,Nuclear,10608,0
ISL,Coal,10551,206
ISL,Gas,7732,117
ISL,Oil,11135,117
ISL,Solar,3412,0
ISL,Wind,3412,0
ISL,Waste,8513,117
ISL,Hydro,3412,0
ISL,Geothermal,3412,0
ISL,Biomass,13300,206
ISL,Nuclear,10608,0
ISR,Coal,10551,206
ISR,Gas,7732,117
ISR,Oil,11135,117
ISR,Solar,3412,0
ISR,Wind,3412,0
ISR,Waste,8513,117
ISR,Hydro,3412,0
ISR,Geothermal,3412,0
ISR,Biomass,13300,206
ISR,Nuclear,10608,0
ITA,Coal,10551,206
ITA,Gas,7732,117
ITA,Oil,11135,117
ITA,Solar,3412,0
ITA,Wind,3412,0
ITA,Waste,8513,117
ITA,Hydro,3412,0
ITA,Geothermal,3412,0
ITA,Biomass,13300,206
ITA,Nuclear,10608,0
JAM,Coal,10551,206
JAM,Gas,7732,117
JAM,Oil,11135,117
JAM,Solar,3412,0
JAM,Wind,3412,0
JAM,Waste,8513,117
JAM,Hydro,3412,0
JAM,Geothermal,3412,0
JAM,Biomass,13300,206
JAM,Nuclear,10608,0
JOR,Coal,10551,206
JOR,Gas,7732,117
JOR,Oil,11135,117
JOR,Solar,3412,0
JOR,Wind,3412,0
JOR,Waste,8513,117
JOR,Hydro,3412,0
JOR,Geothermal,3412,0
JOR,Biomass,13300,206
JOR,Nuclear,10608,0
JPN,Coal,10551,206
JPN,Gas,7732,117
JPN,Oil,11135,117
JPN,Solar,3412,0
JPN,Wind,3412,0
JPN,Waste,8513,117
JPN,Hydro,3412,0
JPN,Geothermal,3412,0
JPN,Biomass,13300,206
JPN,Nuclear,10608,0
KAZ,Coal,10551,206
KAZ,Gas,7732,117
KAZ,Oil,11135,117
KAZ,Solar,3412,0
KAZ,Wind,3412,0
KAZ,Waste,8513,117
KAZ,Hydro,3412,0
KAZ,Geothermal,3412,0
KAZ,Biomass,13300,206
KAZ,Nuclear,10608,0
KEN,Coal,10551,206
KEN,Gas,7732,117
KEN,Oil,11135,117
KEN,Solar,3412,0
KEN,Wind,3412,0
KEN,Waste,8513,117
KEN,Hydro,3412,0
KEN,Geothermal,3412,0
KEN,Biomass,13300,206
KEN,Nuclear,10608,0
KGZ,Coal,10551,206
KGZ,Gas,7732,117
KGZ,Oil,11135,117
KGZ,Solar,3412,0
KGZ,Wind,3412,0
KGZ,Waste,8513,117
KGZ,Hydro,3412,0
KGZ,Geothermal,3412,0
KGZ,Biomass,13300,206
KGZ,Nuclear,10608,0
KHM,Coal,10551,206
KHM,Gas,7732,117
KHM,Oil,11135,117
KHM,Solar,3412,0
KHM,Wind,3412,0
KHM,Waste,8513,117
KHM,Hydro,3412,0
KHM,Geothermal,3412,0
KHM,Biomass,13300,206
KHM,Nuclear,10608,0
KOR,Coal,10551,206
KOR,Gas,7732,117
KOR,Oil,11135,117
KOR,Solar,3412,0
KOR,Wind,3412,0
KOR,Waste,8513,117
KOR,Hydro,3412,0
KOR,Geothermal,3412,0
KOR,Biomass,13300,206
KOR,Nuclear,10608,0
KOS,Coal,10551,206
KOS,Gas,7732,117
KOS,Oil,11135,117
KOS,Solar,3412,0
KOS,Wind,3412,0
KOS,Waste,8513,117
KOS,Hydro,3412,0
KOS,Geothermal,3412,0
KOS,Biomass,13300,206
KOS,Nuclear,10608,0
KWT,Coal,10551,206
KWT,Gas,7732,117
KWT,Oil,11135,117
KWT,Solar,3412,0
KWT,Wind,3412,0
KWT,Waste,8513,117
KWT,Hydro,3412,0
KWT,Geothermal,3412,0
KWT,Biomass,13300,206
KWT,Nuclear,10608,0
LAO,Coal,10551,206
LAO,Gas,7732,117
LAO,Oil,11135,117
LAO,Solar,3412,0
LAO,Wind,3412,0
LAO,Waste,8513,117
LAO,Hydro,3412,0
LAO,Geothermal,3412,0
LAO,Biomass,13300,206
LAO,Nuclear,10608,0
LBN,Coal,10551,206
LBN,Gas,7732,117
LBN,Oil,11135,117
LBN,Solar,3412,0
LBN,Wind,3412,0
LBN,Waste,8513,117
LBN,Hydro,3412,0
LBN,Geothermal,3412,0
LBN,Biomass,13300,206
LBN,Nuclear,10608,0
LBR,Coal,10551,206
LBR,Gas,7732,117
LBR,Oil,11135,117
LBR,Solar,3412,0
LBR,Wind,3412,0
LBR,Waste,8513,117
LBR,Hydro,3412,0
LBR,Geothermal,3412,0
LBR,Biomass,13300,206
LBR,Nuclear,10608,0
LBY,Coal,10551,206
LBY,Gas,7732,117
LBY,Oil,11135,117
LBY,Solar,3412,0
LBY,Wind,3412,0
LBY,Waste,8513,117
LBY,Hydro,3412,0
LBY,Geothermal,3412,0
LBY,Biomass,13300,206
LBY,Nuclear,10608,0
LKA,Coal,10551,206
LKA,Gas,7732,117
LKA,Oil,11135,117
LKA,Solar,3412,0
LKA,Wind,3412,0
LKA,Waste,8513,117
LKA,Hydro,3412,0
LKA,Geothermal,3412,0
LKA,Biomass,13300,206
LKA,Nuclear,10608,0
LSO,Coal,10551,206
LSO,Gas,7732,117
LSO,Oil,11135,117
LSO,Solar,3412,0
LSO,Wind,3412,0
LSO,Waste,8513,117
LSO,Hydro,3412,0
LSO,Geothermal,3412,0
LSO,Biomass,13300,206
LSO,Nuclear,10608,0
LTU,Coal,10551,206
LTU,Gas,7732,117
LTU,Oil,11135,117
LTU,Solar,3412,0
LTU,Wind,3412,0
LTU,Waste,8513,117
LTU,Hydro,3412,0
LTU,Geothermal,3412,0
LTU,Biomass,13300,206
LTU,Nuclear,10608,0
LUX,Coal,10551,206
LUX,Gas,7732,117
LUX,Oil,11135,117
LUX,Solar,3412,0
LUX,Wind,3412,0
LUX,Waste,8513,117
LUX,Hydro,3412,0
LUX,Geothermal,3412,0
LUX,Biomass,13300,206
LUX,Nuclear,10608,0
LVA,Coal,10551,206
LVA,Gas,7732,117
LVA,Oil,11135,117
LVA,Solar,3412,0
LVA,Wind,3412,0
LVA,Waste,8513,117
LVA,Hydro,3412,0
LVA,Geothermal,3412,0
LVA,Biomass,13300,206
LVA,Nuclear,10608,0
MAR,Coal,10551,206
MAR,Gas,7732,117
MAR,Oil,11135,117
MAR,Solar,3412,0
MAR,Wind,3412,0
MAR,Waste,8513,117
MAR,Hydro,3412,0
MAR,Geothermal,3412,0
MAR,Biomass,13300,206
MAR,Nuclear,10608,0
MDA,Coal,10551,206
MDA,Gas,7732,117
MDA,Oil,11135,117
MDA,Solar,3412,0
MDA,Wind,3412,0
MDA,Waste,8513,117
MDA,Hydro,3412,0
MDA,Geothermal,3412,0
MDA,Biomass,13300,206
MDA,Nuclear,10608,0
MDG,Coal,10551,206
MDG,Gas,7732,117
MDG,Oil,11135,117
MDG,Solar,3412,0
MDG,Wind,3412,0
MDG,Waste,8513,117
MDG,Hydro,3412,0
MDG,Geothermal,3412,0
MDG,Biomass,13300,206
MDG,Nuclear,10608,0
MEX,Coal,10551,206
MEX,Gas,7732,117
MEX,Oil,11135,117
MEX,Solar,3412,0
MEX,Wind,3412,0
MEX,Waste,8513,117
MEX,Hydro,3412,0
MEX,Geothermal,3412,0
MEX,Biomass,13300,206
MEX,Nuclear,10608,0
MKD,Coal,10551,206
MKD,Gas,7732,117
MKD,Oil,11135,117
MKD,Solar,3412,0
MKD,Wind,3412,0
MKD,Waste,8513,117
MKD,Hydro,3412,0
MKD,Geothermal,3412,0
MKD,Biomass,13300,206
MKD,Nuclear,10608,0
MLI,Coal,10551,206
MLI,Gas,7732,117
MLI,Oil,11135,117
MLI,Solar,3412,0
MLI,Wind,3412,0
MLI,Waste,8513,117
MLI,Hydro,3412,0
MLI,Geothermal,3412,0
MLI,Biomass,13300,206
MLI,Nuclear,10608,0
MMR,Coal,10551,206
MMR,Gas,7732,117
MMR,Oil,11135,117
MMR,Solar,3412,0
MMR,Wind,3412,0
MMR,Waste,8513,117
MMR,Hydro,3412,0
MMR,Geothermal,3412,0
MMR,Biomass,13300,206
MMR,Nuclear,10608,0
MNE,Coal,10551,206
MNE,Gas,7732,117
MNE,Oil,11135,117
MNE,Solar,3412,0
MNE,Wind,3412,0
MNE,Waste,8513,117
MNE,Hydro,3412,0
MNE,Geothermal,3412,0
MNE,Biomass,13300,206
MNE,Nuclear,10608,0
MNG,Coal,10551,206
MNG,Gas,7732,117
MNG,Oil,11135,117
MNG,Solar,3412,0
MNG,Wind,3412,0
MNG,Waste,8513,117
MNG,Hydro,3412,0
MNG,Geothermal,3412,0
MNG,Biomass,13300,206
MNG,Nuclear,10608,0
MOZ,Coal,10551,206
MOZ,Gas,7732,117
MOZ,Oil,11135,117
MOZ,Solar,3412,0
MOZ,Wind,3412,0
MOZ,Waste,8513,117
MOZ,Hydro,3412,0
MOZ,Geothermal,3412,0
MOZ,Biomass,13300,206
MOZ,Nuclear,10608,0
MRT,Coal,10551,206
MRT,Gas,7732,117
MRT,Oil,11135,117
MRT,Solar,3412,0
MRT,Wind,3412,0
MRT,Waste,8513,117
MRT,Hydro,3412,0
MRT,Geothermal,3412,0
MRT,Biomass,13300,206
MRT,Nuclear,10608,0
MUS,Coal,10551,206
MUS,Gas,7732,117
MUS,Oil,11135,117
MUS,Solar,3412,0
MUS,Wind,3412,0
MUS,Waste,8513,117
MUS,Hydro,3412,0
MUS,Geothermal,3412,0
MUS,Biomass,13300,206
MUS,Nuclear,10608,0
MWI,Coal,10551,206
MWI,Gas,7732,117
MWI,Oil,11135,117
MWI,Solar,3412,0
MWI,Wind,3412,0
MWI,Waste,8513,117
MWI,Hydro,3412,0
MWI,Geothermal,3412,0
MWI,Biomass,13300,206
MWI,Nuclear,10608,0
MYS,Coal,10551,206
MYS,Gas,7732,117
MYS,Oil,11135,117
MYS,Solar,3412,0
MYS,Wind,3412,0
MYS,Waste,8513,117
MYS,Hydro,3412,0
MYS,Geothermal,3412,0
MYS,Biomass,13300,206
MYS,Nuclear,10608,0
NAM,Coal,10551,206
NAM,Gas,7732,117
NAM,Oil,11135,117
NAM,Solar,3412,0
NAM,Wind,3412,0
NAM,Waste,8513,117
NAM,Hydro,3412,0
NAM,Geothermal,3412,0
NAM,Biomass,13300,206
NAM,Nuclear,10608,0
NER,Coal,10551,206
NER,Gas,7732,117
NER,Oil,11135,117
NER,Solar,3412,0
NER,Wind,3412,0
NER,Waste,8513,117
NER,Hydro,3412,0
NER,Geothermal,3412,0
NER,Biomass,13300,206
NER,Nuclear,10608,0
NGA,Coal,10551,206
NGA,Gas,7732,117
NGA,Oil,11135,117
NGA,Solar,3412,0
NGA,Wind,3412,0
NGA,Waste,8513,117
NGA,Hydro,3412,0
NGA,Geothermal,3412,0
NGA,Biomass,13300,206
NGA,Nuclear,10608,0
NIC,Coal,10551,206
NIC,Gas,7732,117
NIC,Oil,11135,117
NIC,Solar,3412,0
NIC,Wind,3412,0
NIC,Waste,8513,117
NIC,Hydro,3412,0
NIC,Geothermal,3412,0
NIC,Biomass,13300,206
NIC,Nuclear,10608,0
NLD,Coal,10551,206
NLD,Gas,7732,117
NLD,Oil,11135,117
NLD,Solar,3412,0
NLD,Wind,3412,0
NLD,Waste,8513,117
NLD,Hydro,3412,0
NLD,Geothermal,3412,0
NLD,Biomass,13300,206
NLD,Nuclear,10608,0
NOR,Coal,10551,206
NOR,Gas,7732,117
NOR,Oil,11135,117
NOR,Solar,3412,0
NOR,Wind,3412,0
NOR,Waste,8513,117
NOR,Hydro,3412,0
NOR,Geothermal,3412,0
NOR,Biomass,13300,206
NOR,Nuclear,10608,0
NPL,Coal,10551,206
NPL,Gas,7732,117
NPL,Oil,11135,117
NPL,Solar,3412,0
NPL,Wind,3412,0
NPL,Waste,8513,117
NPL,Hydro,3412,0
NPL,Geothermal,3412,0
NPL,Biomass,13300,206
NPL,Nuclear,10608,0
NZL,Coal,10551,206
NZL,Gas,7732,117
NZL,Oil,11135,117
NZL,Solar,3412,0
NZL,Wind,3412,0
NZL,Waste,8513,117
NZL,Hydro,3412,0
NZL,Geothermal,3412,0
NZL,Biomass,13300,206
NZL,Nuclear,10608,0
OMN,Coal,10551,206
OMN,Gas,7732,117
OMN,Oil,11135,117
OMN,Solar,3412,0
OMN,Wind,3412,0
OMN,Waste,8513,117
OMN,Hydro,3412,0
OMN,Geothermal,3412,0
OMN,Biomass,13300,206
OMN,Nuclear,10608,0
PAK,Coal,10551,206
PAK,Gas,7732,117
PAK,Oil,11135,117
PAK,Solar,3412,0
PAK,Wind,3412,0
PAK,Waste,8513,117
PAK,Hydro,3412,0
PAK,Geothermal,3412,0
PAK,Biomass,13300,206
PAK,Nuclear,10608,0
PAN,Coal,10551,206
PAN,Gas,7732,117
PAN,Oil,11135,117
PAN,Solar,3412,0
PAN,Wind,3412,0
PAN,Waste,8513,117
PAN,Hydro,3412,0
PAN,Geothermal,3412,0
PAN,Biomass,13300,206
PAN,Nuclear,10608,0
PER,Coal,10551,206
PER,Gas,7732,117
PER,Oil,11135,117
PER,Solar,3412,0
PER,Wind,3412,0
PER,Waste,8513,117
PER,Hydro,3412,0
PER,Geothermal,3412,0
PER,Biomass,13300,206
PER,Nuclear,10608,0
PHL,Coal,10551,206
PHL,Gas,7732,117
PHL,Oil,11135,117
PHL,Solar,3412,0
PHL,Wind,3412,0
PHL,Waste,8513,117
PHL,Hydro,3412,0
PHL,Geothermal,3412,0
PHL,Biomass,13300,206
PHL,Nuclear,10608,0
PNG,Coal,10551,206
PNG,Gas,7732,117
PNG,Oil,11135,117
PNG,Solar,3412,0
PNG,Wind,3412,0
PNG,Waste,8513,117
PNG,Hydro,3412,0
PNG,Geothermal,3412,0
PNG,Biomass,13300,206
PNG,Nuclear,10608,0
POL,Coal,10551,206
POL,Gas,7732,117
POL,Oil,11135,117
POL,Solar,3412,0
POL,Wind,3412,0
POL,Waste,8513,117
POL,Hydro,3412,0
POL,Geothermal,3412,0
POL,Biomass,13300,206
POL,Nuclear,10608,0
PRK,Coal,10551,206
PRK,Gas,7732,117
PRK,Oil,11135,117
PRK,Solar,3412,0
PRK,Wind,3412,0
PRK,Waste,8513,117
PRK,Hydro,3412,0
PRK,Geothermal,3412,0
PRK,Biomass,13300,206
PRK,Nuclear,10608,0
PRT,Coal,10551,206
PRT,Gas,7732,117
PRT,Oil,11135,117
PRT,Solar,3412,0
PRT,Wind,3412,0
PRT,Waste,8513,117
PRT,Hydro,3412,0
PRT,Geothermal,3412,0
PRT,Biomass,13300,206
PRT,Nuclear,10608,0
PRY,Coal,10551,206
PRY,Gas,7732,117
PRY,Oil,11135,117
PRY,Solar,3412,0
PRY,Wind,3412,0
PRY,Waste,8513,117
PRY,Hydro,3412,0
PRY,Geothermal,3412,0
PRY,Biomass,13300,206
PRY,Nuclear,10608,0
QAT,Coal,10551,206
QAT,Gas,7732,117
QAT,Oil,11135,117
QAT,Solar,3412,0
QAT,Wind,3412,0
QAT,Waste,8513,117
QAT,Hydro,3412,0
QAT,Geothermal,3412,0
QAT,Biomass,13300,206
QAT,Nuclear,10608,0
ROU,Coal,10551,206
ROU,Gas,7732,117
ROU,Oil,11135,117
ROU,Solar,3412,0
ROU,Wind,3412,0
ROU,Waste,8513,117
ROU,Hydro,3412,0
ROU,Geothermal,3412,0
ROU,Biomass,13300,206
ROU,Nuclear,10608,0
RUS,Coal,10551,206
RUS,Gas,7732,117
RUS,Oil,11135,117
RUS,Solar,3412,0
RUS,Wind,3412,0
RUS,Waste,8513,117
RUS,Hydro,3412,0
RUS,Geothermal,3412,0
RUS,Biomass,13300,206
RUS,Nuclear,10608,0
RWA,Coal,10551,206
RWA,Gas,7732,117
RWA,Oil,11135,117
RWA,Solar,3412,0
RWA,Wind,3412,0
RWA,Waste,8513,117
RWA,Hydro,3412,0
RWA,Geothermal,3412,0
RWA,Biomass,13300,206
RWA,Nuclear,10608,0
SAU,Coal,10551,206
SAU,Gas,7732,117
SAU,Oil,11135,117
SAU,Solar,3412,0
SAU,Wind,3412,0
SAU,Waste,8513,117
SAU,Hydro,3412,0
SAU,Geothermal,3412,0
SAU,Biomass,13300,206
SAU,Nuclear,10608,0
SDN,Coal,10551,206
SDN,Gas,7732,117
SDN,Oil,11135,117
SDN,Solar,3412,0
SDN,Wind,3412,0
SDN,Waste,8513,117
SDN,Hydro,3412,0
SDN,Geothermal,3412,0
SDN,Biomass,13300,206
SDN,Nuclear,10608,0
SEN,Coal,10551,206
SEN,Gas,7732,117
SEN,Oil,11135,117
SEN,Solar,3412,0
SEN,Wind,3412,0
SEN,Waste,8513,117
SEN,Hydro,3412,0
SEN,Geothermal,3412,0
SEN,Biomass,13300,206
SEN,Nuclear,10608,0
SGP,Coal,10551,206
SGP,Gas,7732,117
SGP,Oil,11135,117
SGP,Solar,3412,0
SGP,Wind,3412,0
SGP,Waste,8513,117
SGP,Hydro,3412,0
SGP,Geothermal,3412,0
SGP,Biomass,13300,206
SGP,Nuclear,10608,0
SLE,Coal,10551,206
SLE,Gas,7732,117
SLE,Oil,11135,117
SLE,Solar,3412,0
SLE,Wind,3412,0
SLE,Waste,8513,117
SLE,Hydro,3412,0
SLE,Geothermal,3412,0
SLE,Biomass,13300,206
SLE,Nuclear,10608,0
SLV,Coal,10551,206
SLV,Gas,7732,117
SLV,Oil,11135,117
SLV,Solar,3412,0
SLV,Wind,3412,0
SLV,Waste,8513,117
SLV,Hydro,3412,0
SLV,Geothermal,3412,0
SLV,Biomass,13300,206
SLV,Nuclear,10608,0
SRB,Coal,10551,206
SRB,Gas,7732,117
SRB,Oil,11135,117
SRB,Solar,3412,0
SRB,Wind,3412,0
SRB,Waste,8513,117
SRB,Hydro,3412,0
SRB,Geothermal,3412,0
SRB,Biomass,13300,206
SRB,Nuclear,10608,0
SVK,Coal,10551,206
SVK,Gas,7732,117
SVK,Oil,11135,117
SVK,Solar,3412,0
SVK,Wind,3412,0
SVK,Waste,8513,117
SVK,Hydro,3412,0
SVK,Geothermal,3412,0
SVK,Biomass,13300,206
SVK,Nuclear,10608,0
SVN,Coal,10551,206
SVN,Gas,7732,117
SVN,Oil,11135,117
SVN,Solar,3412,0
SVN,Wind,3412,0
SVN,Waste,8513,117
SVN,Hydro,3412,0
SVN,Geothermal,3412,0
SVN,Biomass,13300,206
SVN,Nuclear,10608,0
SWE,Coal,10551,206
SWE,Gas,7732,117
SWE,Oil,11135,117
SWE,Solar,3412,0
SWE,Wind,3412,0
SWE,Waste,8513,117
SWE,Hydro,3412,0
SWE,Geothermal,3412,0
SWE,Biomass,13300,206
SWE,Nuclear,10608,0
SWZ,Coal,10551,206
SWZ,Gas,7732,117
SWZ,Oil,11135,117
SWZ,Solar,3412,0
SWZ,Wind,3412,0
SWZ,Waste,8513,117
SWZ,Hydro,3412,0
SWZ,Geothermal,3412,0
SWZ,Biomass,13300,206
SWZ,Nuclear,10608,0
SYR,Coal,10551,206
SYR,Gas,7732,117
SYR,Oil,11135,117
SYR,Solar,3412,0
SYR,Wind,3412,0
SYR,Waste,8513,117
SYR,Hydro,3412,0
SYR,Geothermal,3412,0
SYR,Biomass,13300,206
SYR,Nuclear,10608,0
TGO,Coal,10551,206
TGO,Gas,7732,117
TGO,Oil,11135,117
TGO,Solar,3412,0
TGO,Wind,3412,0
TGO,Waste,8513,117
TGO,Hydro,3412,0
TGO,Geothermal,3412,0
TGO,Biomass,13300,206
TGO,Nuclear,10608,0
THA,Coal,10551,206
THA,Gas,7732,117
THA,Oil,11135,117
THA,Solar,3412,0
THA,Wind,3412,0
THA,Waste,8513,117
THA,Hydro,3412,0
THA,Geothermal,3412,0
THA,Biomass,13300,206
THA,Nuclear,10608,0
TJK,Coal,10551,206
TJK,Gas,7732,117
TJK,Oil,11135,117
TJK,Solar,3412,0
TJK,Wind,3412,0
TJK,Waste,8513,117
TJK,Hydro,3412,0
TJK,Geothermal,3412,0
TJK,Biomass,13300,206
TJK,Nuclear,10608,0
TKM,Coal,10551,206
TKM,Gas,7732,117
TKM,Oil,11135,117
TKM,Solar,3412,0
TKM,Wind,3412,0
TKM,Waste,8513,117
TKM,Hydro,3412,0
TKM,Geothermal,3412,0
TKM,Biomass,13300,206
TKM,Nuclear,10608,0
TTO,Coal,10551,206
TTO,Gas,7732,117
TTO,Oil,11135,117
TTO,Solar,3412,0
TTO,Wind,3412,0
TTO,Waste,8513,117
TTO,Hydro,3412,0
TTO,Geothermal,3412,0
TTO,Biomass,13300,206
TTO,Nuclear,10608,0
TUN,Coal,10551,206
TUN,Gas,7732,117
TUN,Oil,11135,117
TUN,Solar,3412,0
TUN,Wind,3412,0
TUN,Waste,8513,117
TUN,Hydro,3412,0
TUN,Geothermal,3412,0
TUN,Biomass,13300,206
TUN,Nuclear,10608,0
TUR,Coal,10551,206
TUR,Gas,7732,117
TUR,Oil,11135,117
TUR,Solar,3412,0
TUR,Wind,3412,0
TUR,Waste,8513,117
TUR,Hydro,3412,0
TUR,Geothermal,3412,0
TUR,Biomass,13300,206
TUR,Nuclear,10608,0
TWN,Coal,10551,206
TWN,Gas,7732,117
TWN,Oil,11135,117
TWN,Solar,3412,0
TWN,Wind,3412,0
TWN,Waste,8513,117
TWN,Hydro,3412,0
TWN,Geothermal,3412,0
TWN,Biomass,13300,206
TWN,Nuclear,10608,0
TZA,Coal,10551,206
TZA,Gas,7732,117
TZA,Oil,11135,117
TZA,Solar,3412,0
TZA,Wind,3412,0
TZA,Waste,8513,117
TZA,Hydro,3412,0
TZA,Geothermal,3412,0
TZA,Biomass,13300,206
TZA,Nuclear,10608,0
UGA,Coal,10551,206
UGA,Gas,7732,117
UGA,Oil,11135,117
UGA,Solar,3412,0
UGA,Wind,3412,0
UGA,Waste,8513,117
UGA,Hydro,3412,0
UGA,Geothermal,3412,0
UGA,Biomass,13300,206
UGA,Nuclear,10608,0
UKR,Coal,10551,206
UKR,Gas,7732,117
UKR,Oil,11135,117
UKR,Solar,3412,0
UKR,Wind,3412,0
UKR,Waste,8513,117
UKR,Hydro,3412,0
UKR,Geothermal,3412,0
UKR,Biomass,13300,206
UKR,Nuclear,10608,0
URY,Coal,10551,206
URY,Gas,7732,117
URY,Oil,11135,117
URY,Solar,3412,0
URY,Wind,3412,0
URY,Waste,8513,117
URY,Hydro,3412,0
URY,Geothermal,3412,0
URY,Biomass,13300,206
URY,Nuclear,10608,0
USA,Coal,10551,206
USA,Gas,7732,117
USA,Oil,11135,117
USA,Solar,3412,0
USA,Wind,3412,0
USA,Waste,8513,117
USA,Hydro,3412,0
USA,Geothermal,3412,0
USA,Biomass,13300,206
USA,Nuclear,10608,0
UZB,Coal,10551,206
UZB,Gas,7732,117
UZB,Oil,11135,117
UZB,Solar,3412,0
UZB,Wind,3412,0
UZB,Waste,8513,117
UZB,Hydro,3412,0
UZB,Geothermal,3412,0
UZB,Biomass,13300,206
UZB,Nuclear,10608,0
VEN,Coal,10551,206
VEN,Gas,7732,117
VEN,Oil,11135,117
VEN,Solar,3412,0
VEN,Wind,3412,0
VEN,Waste,8513,117
VEN,Hydro,3412,0
VEN,Geothermal,3412,0
VEN,Biomass,13300,206
VEN,Nuclear,10608,0
VNM,Coal,10551,206
VNM,Gas,7732,117
VNM,Oil,11135,117
VNM,Solar,3412,0
VNM,Wind,3412,0
VNM,Waste,8513,117
VNM,Hydro,3412,0
VNM,Geothermal,3412,0
VNM,Biomass,13300,206
VNM,Nuclear,10608,0
YEM,Coal,10551,206
YEM,Gas,7732,117
YEM,Oil,11135,117
YEM,Solar,3412,0
YEM,Wind,3412,0
YEM,Waste,8513,117
YEM,Hydro,3412,0
YEM,Geothermal,3412,0
YEM,Biomass,13300,206
YEM,Nuclear,10608,0
ZAF,Coal,10551,206
ZAF,Gas,7732,117
ZAF,Oil,11135,117
ZAF,Solar,3412,0
ZAF,Wind,3412,0
ZAF,Waste,8513,117
ZAF,Hydro,3412,0
ZAF,Geothermal,3412,0
ZAF,Biomass,13300,206
ZAF,Nuclear,10608,0
ZMB,Coal,10551,206
ZMB,Gas,7732,117
ZMB,Oil,11135,117
ZMB,Solar,3412,0
ZMB,Wind,3412,0
ZMB,Waste,8513,117
ZMB,Hydro,3412,0
ZMB,Geothermal,3412,0
ZMB,Biomass,13300,206
ZMB,Nuclear,10608,0
ZWE,Coal,10551,206
ZWE,Gas,7732,117
ZWE,Oil,11135,117
ZWE,Solar,3412,0
ZWE,Wind,3412,0
ZWE,Waste,8513,117
ZWE,Hydro,3412,0
ZWE,Geothermal,3412,0
ZWE,Biomass,13300,206
ZWE,Nuclear,10608,0
