### This data is primarily pulled from https://www.eia.gov/analysis/studies/powerplants/capitalcost/pdf/capital_cost_AEO2020.pdf ,,,,,,
"### There were often multiple options for representative plants by fuel (eg advanced nuclear vs small modular reactor) so one was chosen arbitrarily. All values are currently for the US, but nation specific values will be added soon",,,,,,
"### Fuel prices for Biomass and Nuclear are necessary, but did not find them yet",,,,,,
country,primary_fuel,capital_cost_per_kw,fixed_om_per_kw_year,variable_om_per_mwh,discount_rate,fuel_price_per_btu
AFG,Coal,3676,40.58,4.5,0.06,3.21E-06
AFG,Gas,958,12.2,1.87,0.06,1.94E-06
AFG,Oil,1810,35.16,5.69,0.06,1.24E-05
AFG,Solar,1313,15.25,0,0.06,0
AFG,Wind,1265,26.34,0,0.06,0
AFG,Waste,1563,20.1,6.2,0.06,0
AFG,Hydro,5316,29.86,0,0.06,0
AFG,Geothermal,2521,128.544,1.16,0.06,0
AFG,CSP,7221,85.4,0,0.06,0
AFG,Nuclear,6041,121.64,2.37,0.06,0
AFG,Biomass,4097,125.72,4.83,0.06,0
AGO,Coal,3676,40.58,4.5,0.06,3.21E-06
AGO,Gas,958,12.2,1.87,0.06,1.94E-06
AGO,Oil,1810,35.16,5.69,0.06,1.24E-05
AGO,Solar,1313,15.25,0,0.06,0
AGO,Wind,1265,26.34,0,0.06,0
AGO,Waste,1563,20.1,6.2,0.06,0
AGO,Hydro,5316,29.86,0,0.06,0
AGO,Geothermal,2521,128.544,1.16,0.06,0
AGO,CSP,7221,85.4,0,0.06,0
AGO,Nuclear,6041,121.64,2.37,0.06,0
AGO,Biomass,4097,125.72,4.83,0.06,0
ALB,Coal,3676,40.58,4.5,0.06,3.21E-06
ALB,Gas,958,12.2,1.87,0.06,1.94E-06
ALB,Oil,1810,35.16,5.69,0.06,1.24E-05
ALB,Solar,1313,15.25,0,0.06,0
ALB,Wind,1265,26.34,0,0.06,0
ALB,Waste,1563,20.1,6.2,0.06,0
ALB,Hydro,5316,29.86,0,0.06,0
ALB,Geothermal,2521,128.544,1.16,0.06,0
ALB,CSP,7221,85.4,0,0.06,0
ALB,Nuclear,6041,121.64,2.37,0.06,0
ALB,Biomass,4097,125.72,4.83,0.06,0
ARE,Coal,3676,40.58,4.5,0.06,3.21E-06
ARE,Gas,958,12.2,1.87,0.06,1.94E-06
ARE,Oil,1810,35.16,5.69,0.06,1.24E-05
ARE,Solar,1313,15.25,0,0.06,0
ARE,Wind,1265,26.34,0,0.06,0
ARE,Waste,1563,20.1,6.2,0.06,0
ARE,Hydro,5316,29.86,0,0.06,0
ARE,Geothermal,2521,128.544,1.16,0.06,0
ARE,CSP,7221,85.4,0,0.06,0
ARE,Nuclear,6041,121.64,2.37,0.06,0
ARE,Biomass,4097,125.72,4.83,0.06,0
ARG,Coal,3676,40.58,4.5,0.06,3.21E-06
ARG,Gas,958,12.2,1.87,0.06,1.94E-06
ARG,Oil,1810,35.16,5.69,0.06,1.24E-05
ARG,Solar,1313,15.25,0,0.06,0
ARG,Wind,1265,26.34,0,0.06,0
ARG,Waste,1563,20.1,6.2,0.06,0
ARG,Hydro,5316,29.86,0,0.06,0
ARG,Geothermal,2521,128.544,1.16,0.06,0
ARG,CSP,7221,85.4,0,0.06,0
ARG,Nuclear,6041,121.64,2.37,0.06,0
ARG,Biomass,4097,125.72,4.83,0.06,0
ARM,Coal,3676,40.58,4.5,0.06,3.21E-06
ARM,Gas,958,12.2,1.87,0.06,1.94E-06
ARM,Oil,1810,35.16,5.69,0.06,1.24E-05
ARM,Solar,1313,15.25,0,0.06,0
ARM,Wind,1265,26.34,0,0.06,0
ARM,Waste,1563,20.1,6.2,0.06,0
ARM,Hydro,5316,29.86,0,0.06,0
ARM,Geothermal,2521,128.544,1.16,0.06,0
ARM,CSP,7221,85.4,0,0.06,0
ARM,Nuclear,6041,121.64,2.37,0.06,0
ARM,Biomass,4097,125.72,4.83,0.06,0
ATA,Coal,3676,40.58,4.5,0.06,3.21E-06
ATA,Gas,958,12.2,1.87,0.06,1.94E-06
ATA,Oil,1810,35.16,5.69,0.06,1.24E-05
ATA,Solar,1313,15.25,0,0.06,0
ATA,Wind,1265,26.34,0,0.06,0
ATA,Waste,1563,20.1,6.2,0.06,0
ATA,Hydro,5316,29.86,0,0.06,0
ATA,Geothermal,2521,128.544,1.16,0.06,0
ATA,CSP,7221,85.4,0,0.06,0
ATA,Nuclear,6041,121.64,2.37,0.06,0
ATA,Biomass,4097,125.72,4.83,0.06,0
AUS,Coal,3676,40.58,4.5,0.06,3.21E-06
AUS,Gas,958,12.2,1.87,0.06,1.94E-06
AUS,Oil,1810,35.16,5.69,0.06,1.24E-05
AUS,Solar,1313,15.25,0,0.06,0
AUS,Wind,1265,26.34,0,0.06,0
AUS,Waste,1563,20.1,6.2,0.06,0
AUS,Hydro,5316,29.86,0,0.06,0
AUS,Geothermal,2521,128.544,1.16,0.06,0
AUS,CSP,7221,85.4,0,0.06,0
AUS,Nuclear,6041,121.64,2.37,0.06,0
AUS,Biomass,4097,125.72,4.83,0.06,0
AUT,Coal,3676,40.58,4.5,0.06,3.21E-06
AUT,Gas,958,12.2,1.87,0.06,1.94E-06
AUT,Oil,1810,35.16,5.69,0.06,1.24E-05
AUT,Solar,1313,15.25,0,0.06,0
AUT,Wind,1265,26.34,0,0.06,0
AUT,Waste,1563,20.1,6.2,0.06,0
AUT,Hydro,5316,29.86,0,0.06,0
AUT,Geothermal,2521,128.544,1.16,0.06,0
AUT,CSP,7221,85.4,0,0.06,0
AUT,Nuclear,6041,121.64,2.37,0.06,0
AUT,Biomass,4097,125.72,4.83,0.06,0
AZE,Coal,3676,40.58,4.5,0.06,3.21E-06
AZE,Gas,958,12.2,1.87,0.06,1.94E-06
AZE,Oil,1810,35.16,5.69,0.06,1.24E-05
AZE,Solar,1313,15.25,0,0.06,0
AZE,Wind,1265,26.34,0,0.06,0
AZE,Waste,1563,20.1,6.2,0.06,0
AZE,Hydro,5316,29.86,0,0.06,0
AZE,Geothermal,2521,128.544,1.16,0.06,0
AZE,CSP,7221,85.4,0,0.06,0
AZE,Nuclear,6041,121.64,2.37,0.06,0
AZE,Biomass,4097,125.72,4.83,0.06,0
BDI,Coal,3676,40.58,4.5,0.06,3.21E-06
BDI,Gas,958,12.2,1.87,0.06,1.94E-06
BDI,Oil,1810,35.16,5.69,0.06,1.24E-05
BDI,Solar,1313,15.25,0,0.06,0
BDI,Wind,1265,26.34,0,0.06,0
BDI,Waste,1563,20.1,6.2,0.06,0
BDI,Hydro,5316,29.86,0,0.06,0
BDI,Geothermal,2521,128.544,1.16,0.06,0
BDI,CSP,7221,85.4,0,0.06,0
BDI,Nuclear,6041,121.64,2.37,0.06,0
BDI,Biomass,4097,125.72,4.83,0.06,0
BEL,Coal,3676,40.58,4.5,0.06,3.21E-06
BEL,Gas,958,12.2,1.87,0.06,1.94E-06
BEL,Oil,1810,35.16,5.69,0.06,1.24E-05
BEL,Solar,1313,15.25,0,0.06,0
BEL,Wind,1265,26.34,0,0.06,0
BEL,Waste,1563,20.1,6.2,0.06,0
BEL,Hydro,5316,29.86,0,0.06,0
BEL,Geothermal,2521,128.544,1.16,0.06,0
BEL,CSP,7221,85.4,0,0.06,0
BEL,Nuclear,6041,121.64,2.37,0.06,0
BEL,Biomass,4097,125.72,4.83,0.06,0
BEN,Coal,3676,40.58,4.5,0.06,3.21E-06
BEN,Gas,958,12.2,1.87,0.06,1.94E-06
BEN,Oil,1810,35.16,5.69,0.06,1.24E-05
BEN,Solar,1313,15.25,0,0.06,0
BEN,Wind,1265,26.34,0,0.06,0
BEN,Waste,1563,20.1,6.2,0.06,0
BEN,Hydro,5316,29.86,0,0.06,0
BEN,Geothermal,2521,128.544,1.16,0.06,0
BEN,CSP,7221,85.4,0,0.06,0
BEN,Nuclear,6041,121.64,2.37,0.06,0
BEN,Biomass,4097,125.72,4.83,0.06,0
BFA,Coal,3676,40.58,4.5,0.06,3.21E-06
BFA,Gas,958,12.2,1.87,0.06,1.94E-06
BFA,Oil,1810,35.16,5.69,0.06,1.24E-05
BFA,Solar,1313,15.25,0,0.06,0
BFA,Wind,1265,26.34,0,0.06,0
BFA,Waste,1563,20.1,6.2,0.06,0
BFA,Hydro,5316,29.86,0,0.06,0
BFA,Geothermal,2521,128.544,1.16,0.06,0
BFA,CSP,7221,85.4,0,0.06,0
BFA,Nuclear,6041,121.64,2.37,0.06,0
BFA,Biomass,4097,125.72,4.83,0.06,0
BGD,Coal,3676,40.58,4.5,0.06,3.21E-06
BGD,Gas,958,12.2,1.87,0.06,1.94E-06
BGD,Oil,1810,35.16,5.69,0.06,1.24E-05
BGD,Solar,1313,15.25,0,0.06,0
BGD,Wind,1265,26.34,0,0.06,0
BGD,Waste,1563,20.1,6.2,0.06,0
BGD,Hydro,5316,29.86,0,0.06,0
BGD,Geothermal,2521,128.544,1.16,0.06,0
BGD,CSP,7221,85.4,0,0.06,0
BGD,Nuclear,6041,121.64,2.37,0.06,0
BGD,Biomass,4097,125.72,4.83,0.06,0
BGR,Coal,3676,40.58,4.5,0.06,3.21E-06
BGR,Gas,958,12.2,1.87,0.06,1.94E-06
BGR,Oil,1810,35.16,5.69,0.06,1.24E-05
BGR,Solar,1313,15.25,0,0.06,0
BGR,Wind,1265,26.34,0,0.06,0
BGR,Waste,1563,20.1,6.2,0.06,0
BGR,Hydro,5316,29.86,0,0.06,0
BGR,Geothermal,2521,128.544,1.16,0.06,0
BGR,CSP,7221,85.4,0,0.06,0
BGR,Nuclear,6041,121.64,2.37,0.06,0
BGR,Biomass,4097,125.72,4.83,0.06,0
BHR,Coal,3676,40.58,4.5,0.06,3.21E-06
BHR,Gas,958,12.2,1.87,0.06,1.94E-06
BHR,Oil,1810,35.16,5.69,0.06,1.24E-05
BHR,Solar,1313,15.25,0,0.06,0
BHR,Wind,1265,26.34,0,0.06,0
BHR,Waste,1563,20.1,6.2,0.06,0
BHR,Hydro,5316,29.86,0,0.06,0
BHR,Geothermal,2521,128.544,1.16,0.06,0
BHR,CSP,7221,85.4,0,0.06,0
BHR,Nuclear,6041,121.64,2.37,0.06,0
BHR,Biomass,4097,125.72,4.83,0.06,0
BIH,Coal,3676,40.58,4.5,0.06,3.21E-06
BIH,Gas,958,12.2,1.87,0.06,1.94E-06
BIH,Oil,1810,35.16,5.69,0.06,1.24E-05
BIH,Solar,1313,15.25,0,0.06,0
BIH,Wind,1265,26.34,0,0.06,0
BIH,Waste,1563,20.1,6.2,0.06,0
BIH,Hydro,5316,29.86,0,0.06,0
BIH,Geothermal,2521,128.544,1.16,0.06,0
BIH,CSP,7221,85.4,0,0.06,0
BIH,Nuclear,6041,121.64,2.37,0.06,0
BIH,Biomass,4097,125.72,4.83,0.06,0
BLR,Coal,3676,40.58,4.5,0.06,3.21E-06
BLR,Gas,958,12.2,1.87,0.06,1.94E-06
BLR,Oil,1810,35.16,5.69,0.06,1.24E-05
BLR,Solar,1313,15.25,0,0.06,0
BLR,Wind,1265,26.34,0,0.06,0
BLR,Waste,1563,20.1,6.2,0.06,0
BLR,Hydro,5316,29.86,0,0.06,0
BLR,Geothermal,2521,128.544,1.16,0.06,0
BLR,CSP,7221,85.4,0,0.06,0
BLR,Nuclear,6041,121.64,2.37,0.06,0
BLR,Biomass,4097,125.72,4.83,0.06,0
BOL,Coal,3676,40.58,4.5,0.06,3.21E-06
BOL,Gas,958,12.2,1.87,0.06,1.94E-06
BOL,Oil,1810,35.16,5.69,0.06,1.24E-05
BOL,Solar,1313,15.25,0,0.06,0
BOL,Wind,1265,26.34,0,0.06,0
BOL,Waste,1563,20.1,6.2,0.06,0
BOL,Hydro,5316,29.86,0,0.06,0
BOL,Geothermal,2521,128.544,1.16,0.06,0
BOL,CSP,7221,85.4,0,0.06,0
BOL,Nuclear,6041,121.64,2.37,0.06,0
BOL,Biomass,4097,125.72,4.83,0.06,0
BRA,Coal,3676,40.58,4.5,0.06,3.21E-06
BRA,Gas,958,12.2,1.87,0.06,1.94E-06
BRA,Oil,1810,35.16,5.69,0.06,1.24E-05
BRA,Solar,1313,15.25,0,0.06,0
BRA,Wind,1265,26.34,0,0.06,0
BRA,Waste,1563,20.1,6.2,0.06,0
BRA,Hydro,5316,29.86,0,0.06,0
BRA,Geothermal,2521,128.544,1.16,0.06,0
BRA,CSP,7221,85.4,0,0.06,0
BRA,Nuclear,6041,121.64,2.37,0.06,0
BRA,Biomass,4097,125.72,4.83,0.06,0
BRN,Coal,3676,40.58,4.5,0.06,3.21E-06
BRN,Gas,958,12.2,1.87,0.06,1.94E-06
BRN,Oil,1810,35.16,5.69,0.06,1.24E-05
BRN,Solar,1313,15.25,0,0.06,0
BRN,Wind,1265,26.34,0,0.06,0
BRN,Waste,1563,20.1,6.2,0.06,0
BRN,Hydro,5316,29.86,0,0.06,0
BRN,Geothermal,2521,128.544,1.16,0.06,0
BRN,CSP,7221,85.4,0,0.06,0
BRN,Nuclear,6041,121.64,2.37,0.06,0
BRN,Biomass,4097,125.72,4.83,0.06,0
BTN,Coal,3676,40.58,4.5,0.06,3.21E-06
BTN,Gas,958,12.2,1.87,0.06,1.94E-06
BTN,Oil,1810,35.16,5.69,0.06,1.24E-05
BTN,Solar,1313,15.25,0,0.06,0
BTN,Wind,1265,26.34,0,0.06,0
BTN,Waste,1563,20.1,6.2,0.06,0
BTN,Hydro,5316,29.86,0,0.06,0
BTN,Geothermal,2521,128.544,1.16,0.06,0
BTN,CSP,7221,85.4,0,0.06,0
BTN,Nuclear,6041,121.64,2.37,0.06,0
BTN,Biomass,4097,125.72,4.83,0.06,0
BWA,Coal,3676,40.58,4.5,0.06,3.21E-06
BWA,Gas,958,12.2,1.87,0.06,1.94E-06
BWA,Oil,1810,35.16,5.69,0.06,1.24E-05
BWA,Solar,1313,15.25,0,0.06,0
BWA,Wind,1265,26.34,0,0.06,0
BWA,Waste,1563,20.1,6.2,0.06,0
BWA,Hydro,5316,29.86,0,0.06,0
BWA,Geothermal,2521,128.544,1.16,0.06,0
BWA,CSP,7221,85.4,0,0.06,0
BWA,Nuclear,6041,121.64,2.37,0.06,0
BWA,Biomass,4097,125.72,4.83,0.06,0
CAF,Coal,3676,40.58,4.5,0.06,3.21E-06
CAF,Gas,958,12.2,1.87,0.06,1.94E-06
CAF,Oil,1810,35.16,5.69,0.06,1.24E-05
CAF,Solar,1313,15.25,0,0.06,0
CAF,Wind,1265,26.34,0,0.06,0
CAF,Waste,1563,20.1,6.2,0.06,0
CAF,Hydro,5316,29.86,0,0.06,0
CAF,Geothermal,2521,128.544,1.16,0.06,0
CAF,CSP,7221,85.4,0,0.06,0
CAF,Nuclear,6041,121.64,2.37,0.06,0
CAF,Biomass,4097,125.72,4.83,0.06,0
CAN,Coal,3676,40.58,4.5,0.06,3.21E-06
CAN,Gas,958,12.2,1.87,0.06,1.94E-06
CAN,Oil,1810,35.16,5.69,0.06,1.24E-05
CAN,Solar,1313,15.25,0,0.06,0
CAN,Wind,1265,26.34,0,0.06,0
CAN,Waste,1563,20.1,6.2,0.06,0
CAN,Hydro,5316,29.86,0,0.06,0
CAN,Geothermal,2521,128.544,1.16,0.06,0
CAN,CSP,7221,85.4,0,0.06,0
CAN,Nuclear,6041,121.64,2.37,0.06,0
CAN,Biomass,4097,125.72,4.83,0.06,0
CHE,Coal,3676,40.58,4.5,0.06,3.21E-06
CHE,Gas,958,12.2,1.87,0.06,1.94E-06
CHE,Oil,1810,35.16,5.69,0.06,1.24E-05
CHE,Solar,1313,15.25,0,0.06,0
CHE,Wind,1265,26.34,0,0.06,0
CHE,Waste,1563,20.1,6.2,0.06,0
CHE,Hydro,5316,29.86,0,0.06,0
CHE,Geothermal,2521,128.544,1.16,0.06,0
CHE,CSP,7221,85.4,0,0.06,0
CHE,Nuclear,6041,121.64,2.37,0.06,0
CHE,Biomass,4097,125.72,4.83,0.06,0
CHL,Coal,3676,40.58,4.5,0.06,3.21E-06
CHL,Gas,958,12.2,1.87,0.06,1.94E-06
CHL,Oil,1810,35.16,5.69,0.06,1.24E-05
CHL,Solar,1313,15.25,0,0.06,0
CHL,Wind,1265,26.34,0,0.06,0
CHL,Waste,1563,20.1,6.2,0.06,0
CHL,Hydro,5316,29.86,0,0.06,0
CHL,Geothermal,2521,128.544,1.16,0.06,0
CHL,CSP,7221,85.4,0,0.06,0
CHL,Nuclear,6041,121.64,2.37,0.06,0
CHL,Biomass,4097,125.72,4.83,0.06,0
CHN,Coal,3676,40.58,4.5,0.06,3.21E-06
CHN,Gas,958,12.2,1.87,0.06,1.94E-06
CHN,Oil,1810,35.16,5.69,0.06,1.24E-05
CHN,Solar,1313,15.25,0,0.06,0
CHN,Wind,1265,26.34,0,0.06,0
CHN,Waste,1563,20.1,6.2,0.06,0
CHN,Hydro,5316,29.86,0,0.06,0
CHN,Geothermal,2521,128.544,1.16,0.06,0
CHN,CSP,7221,85.4,0,0.06,0
CHN,Nuclear,6041,121.64,2.37,0.06,0
CHN,Biomass,4097,125.72,4.83,0.06,0
CIV,Coal,3676,40.58,4.5,0.06,3.21E-06
CIV,Gas,958,12.2,1.87,0.06,1.94E-06
CIV,Oil,1810,35.16,5.69,0.06,1.24E-05
CIV,Solar,1313,15.25,0,0.06,0
CIV,Wind,1265,26.34,0,0.06,0
CIV,Waste,1563,20.1,6.2,0.06,0
CIV,Hydro,5316,29.86,0,0.06,0
CIV,Geothermal,2521,128.544,1.16,0.06,0
CIV,CSP,7221,85.4,0,0.06,0
CIV,Nuclear,6041,121.64,2.37,0.06,0
CIV,Biomass,4097,125.72,4.83,0.06,0
CMR,Coal,3676,40.58,4.5,0.06,3.21E-06
CMR,Gas,958,12.2,1.87,0.06,1.94E-06
CMR,Oil,1810,35.16,5.69,0.06,1.24E-05
CMR,Solar,1313,15.25,0,0.06,0
CMR,Wind,1265,26.34,0,0.06,0
CMR,Waste,1563,20.1,6.2,0.06,0
CMR,Hydro,5316,29.86,0,0.06,0
CMR,Geothermal,2521,128.544,1.16,0.06,0
CMR,CSP,7221,85.4,0,0.06,0
CMR,Nuclear,6041,121.64,2.37,0.06,0
CMR,Biomass,4097,125.72,4.83,0.06,0
COD,Coal,3676,40.58,4.5,0.06,3.21E-06
COD,Gas,958,12.2,1.87,0.06,1.94E-06
COD,Oil,1810,35.16,5.69,0.06,1.24E-05
COD,Solar,1313,15.25,0,0.06,0
COD,Wind,1265,26.34,0,0.06,0
COD,Waste,1563,20.1,6.2,0.06,0
COD,Hydro,5316,29.86,0,0.06,0
COD,Geothermal,2521,128.544,1.16,0.06,0
COD,CSP,7221,85.4,0,0.06,0
COD,Nuclear,6041,121.64,2.37,0.06,0
COD,Biomass,4097,125.72,4.83,0.06,0
COG,Coal,3676,40.58,4.5,0.06,3.21E-06
COG,Gas,958,12.2,1.87,0.06,1.94E-06
COG,Oil,1810,35.16,5.69,0.06,1.24E-05
COG,Solar,1313,15.25,0,0.06,0
COG,Wind,1265,26.34,0,0.06,0
COG,Waste,1563,20.1,6.2,0.06,0
COG,Hydro,5316,29.86,0,0.06,0
COG,Geothermal,2521,128.544,1.16,0.06,0
COG,CSP,7221,85.4,0,0.06,0
COG,Nuclear,6041,121.64,2.37,0.06,0
COG,Biomass,4097,125.72,4.83,0.06,0
COL,Coal,3676,40.58,4.5,0.06,3.21E-06
COL,Gas,958,12.2,1.87,0.06,1.94E-06
COL,Oil,1810,35.16,5.69,0.06,1.24E-05
COL,Solar,1313,15.25,0,0.06,0
COL,Wind,1265,26.34,0,0.06,0
COL,Waste,1563,20.1,6.2,0.06,0
COL,Hydro,5316,29.86,0,0.06,0
COL,Geothermal,2521,128.544,1.16,0.06,0
COL,CSP,7221,85.4,0,0.06,0
COL,Nuclear,6041,121.64,2.37,0.06,0
COL,Biomass,4097,125.72,4.83,0.06,0
CPV,Coal,3676,40.58,4.5,0.06,3.21E-06
CPV,Gas,958,12.2,1.87,0.06,1.94E-06
CPV,Oil,1810,35.16,5.69,0.06,1.24E-05
CPV,Solar,1313,15.25,0,0.06,0
CPV,Wind,1265,26.34,0,0.06,0
CPV,Waste,1563,20.1,6.2,0.06,0
CPV,Hydro,5316,29.86,0,0.06,0
CPV,Geothermal,2521,128.544,1.16,0.06,0
CPV,CSP,7221,85.4,0,0.06,0
CPV,Nuclear,6041,121.64,2.37,0.06,0
CPV,Biomass,4097,125.72,4.83,0.06,0
CRI,Coal,3676,40.58,4.5,0.06,3.21E-06
CRI,Gas,958,12.2,1.87,0.06,1.94E-06
CRI,Oil,1810,35.16,5.69,0.06,1.24E-05
CRI,Solar,1313,15.25,0,0.06,0
CRI,Wind,1265,26.34,0,0.06,0
CRI,Waste,1563,20.1,6.2,0.06,0
CRI,Hydro,5316,29.86,0,0.06,0
CRI,Geothermal,2521,128.544,1.16,0.06,0
CRI,CSP,7221,85.4,0,0.06,0
CRI,Nuclear,6041,121.64,2.37,0.06,0
CRI,Biomass,4097,125.72,4.83,0.06,0
CUB,Coal,3676,40.58,4.5,0.06,3.21E-06
CUB,Gas,958,12.2,1.87,0.06,1.94E-06
CUB,Oil,1810,35.16,5.69,0.06,1.24E-05
CUB,Solar,1313,15.25,0,0.06,0
CUB,Wind,1265,26.34,0,0.06,0
CUB,Waste,1563,20.1,6.2,0.06,0
CUB,Hydro,5316,29.86,0,0.06,0
CUB,Geothermal,2521,128.544,1.16,0.06,0
CUB,CSP,7221,85.4,0,0.06,0
CUB,Nuclear,6041,121.64,2.37,0.06,0
CUB,Biomass,4097,125.72,4.83,0.06,0
CYP,Coal,3676,40.58,4.5,0.06,3.21E-06
CYP,Gas,958,12.2,1.87,0.06,1.94E-06
CYP,Oil,1810,35.16,5.69,0.06,1.24E-05
CYP,Solar,1313,15.25,0,0.06,0
CYP,Wind,1265,26.34,0,0.06,0
CYP,Waste,1563,20.1,6.2,0.06,0
CYP,Hydro,5316,29.86,0,0.06,0
CYP,Geothermal,2521,128.544,1.16,0.06,0
CYP,CSP,7221,85.4,0,0.06,0
CYP,Nuclear,6041,121.64,2.37,0.06,0
CYP,Biomass,4097,125.72,4.83,0.06,0
CZE,Coal,3676,40.58,4.5,0.06,3.21E-06
CZE,Gas,958,12.2,1.87,0.06,1.94E-06
CZE,Oil,1810,35.16,5.69,0.06,1.24E-05
CZE,Solar,1313,15.25,0,0.06,0
CZE,Wind,1265,26.34,0,0.06,0
CZE,Waste,1563,20.1,6.2,0.06,0
CZE,Hydro,5316,29.86,0,0.06,0
CZE,Geothermal,2521,128.544,1.16,0.06,0
CZE,CSP,7221,85.4,0,0.06,0
CZE,Nuclear,6041,121.64,2.37,0.06,0
CZE,Biomass,4097,125.72,4.83,0.06,0
DEU,Coal,3676,40.58,4.5,0.06,3.21E-06
DEU,Gas,958,12.2,1.87,0.06,1.94E-06
DEU,Oil,1810,35.16,5.69,0.06,1.24E-05
DEU,Solar,1313,15.25,0,0.06,0
DEU,Wind,1265,26.34,0,0.06,0
DEU,Waste,1563,20.1,6.2,0.06,0
DEU,Hydro,5316,29.86,0,0.06,0
DEU,Geothermal,2521,128.544,1.16,0.06,0
DEU,CSP,7221,85.4,0,0.06,0
DEU,Nuclear,6041,121.64,2.37,0.06,0
DEU,Biomass,4097,125.72,4.83,0.06,0
DJI,Coal,3676,40.58,4.5,0.06,3.21E-06
DJI,Gas,958,12.2,1.87,0.06,1.94E-06
DJI,Oil,1810,35.16,5.69,0.06,1.24E-05
DJI,Solar,1313,15.25,0,0.06,0
DJI,Wind,1265,26.34,0,0.06,0
DJI,Waste,1563,20.1,6.2,0.06,0
DJI,Hydro,5316,29.86,0,0.06,0
DJI,Geothermal,2521,128.544,1.16,0.06,0
DJI,CSP,7221,85.4,0,0.06,0
DJI,Nuclear,6041,121.64,2.37,0.06,0
DJI,Biomass,4097,125.72,4.83,0.06,0
DNK,Coal,3676,40.58,4.5,0.06,3.21E-06
DNK,Gas,958,12.2,1.87,0.06,1.94E-06
DNK,Oil,1810,35.16,5.69,0.06,1.24E-05
DNK,Solar,1313,15.25,0,0.06,0
DNK,Wind,1265,26.34,0,0.06,0
DNK,Waste,1563,20.1,6.2,0.06,0
DNK,Hydro,5316,29.86,0,0.06,0
DNK,Geothermal,2521,128.544,1.16,0.06,0
DNK,CSP,7221,85.4,0,0.06,0
DNK,Nuclear,6041,121.64,2.37,0.06,0
DNK,Biomass,4097,125.72,4.83,0.06,0
DOM,Coal,3676,40.58,4.5,0.06,3.21E-06
DOM,Gas,958,12.2,1.87,0.06,1.94E-06
DOM,Oil,1810,35.16,5.69,0.06,1.24E-05
DOM,Solar,1313,15.25,0,0.06,0
DOM,Wind,1265,26.34,0,0.06,0
DOM,Waste,1563,20.1,6.2,0.06,0
DOM,Hydro,5316,29.86,0,0.06,0
DOM,Geothermal,2521,128.544,1.16,0.06,0
DOM,CSP,7221,85.4,0,0.06,0
DOM,Nuclear,6041,121.64,2.37,0.06,0
DOM,Biomass,4097,125.72,4.83,0.06,0
DZA,Coal,3676,40.58,4.5,0.06,3.21E-06
DZA,Gas,958,12.2,1.87,0.06,1.94E-06
DZA,Oil,1810,35.16,5.69,0.06,1.24E-05
DZA,Solar,1313,15.25,0,0.06,0
DZA,Wind,1265,26.34,0,0.06,0
DZA,Waste,1563,20.1,6.2,0.06,0
DZA,Hydro,5316,29.86,0,0.06,0
DZA,Geothermal,2521,128.544,1.16,0.06,0
DZA,CSP,7221,85.4,0,0.06,0
DZA,Nuclear,6041,121.64,2.37,0.06,0
DZA,Biomass,4097,125.72,4.83,0.06,0
ECU,Coal,3676,40.58,4.5,0.06,3.21E-06
ECU,Gas,958,12.2,1.87,0.06,1.94E-06
ECU,Oil,1810,35.16,5.69,0.06,1.24E-05
ECU,Solar,1313,15.25,0,0.06,0
ECU,Wind,1265,26.34,0,0.06,0
ECU,Waste,1563,20.1,6.2,0.06,0
ECU,Hydro,5316,29.86,0,0.06,0
ECU,Geothermal,2521,128.544,1.16,0.06,0
ECU,CSP,7221,85.4,0,0.06,0
ECU,Nuclear,6041,121.64,2.37,0.06,0
ECU,Biomass,4097,125.72,4.83,0.06,0
EGY,Coal,3676,40.58,4.5,0.06,3.21E-06
EGY,Gas,958,12.2,1.87,0.06,1.94E-06
EGY,Oil,1810,35.16,5.69,0.06,1.24E-05
EGY,Solar,1313,15.25,0,0.06,0
EGY,Wind,1265,26.34,0,0.06,0
EGY,Waste,1563,20.1,6.2,0.06,0
EGY,Hydro,5316,29.86,0,0.06,0
EGY,Geothermal,2521,128.544,1.16,0.06,0
EGY,CSP,7221,85.4,0,0.06,0
EGY,Nuclear,6041,121.64,2.37,0.06,0
EGY,Biomass,4097,125.72,4.83,0.06,0
ERI,Coal,3676,40.58,4.5,0.06,3.21E-06
ERI,Gas,958,12.2,1.87,0.06,1.94E-06
ERI,Oil,1810,35.16,5.69,0.06,1.24E-05
ERI,Solar,1313,15.25,0,0.06,0
ERI,Wind,1265,26.34,0,0.06,0
ERI,Waste,1563,20.1,6.2,0.06,0
ERI,Hydro,5316,29.86,0,0.06,0
ERI,Geothermal,2521,128.544,1.16,0.06,0
ERI,CSP,7221,85.4,0,0.06,0
ERI,Nuclear,6041,121.64,2.37,0.06,0
ERI,Biomass,4097,125.72,4.83,0.06,0
ESH,Coal,3676,40.58,4.5,0.06,3.21E-06
ESH,Gas,958,12.2,1.87,0.06,1.94E-06
ESH,Oil,1810,35.16,5.69,0.06,1.24E-05
ESH,Solar,1313,15.25,0,0.06,0
ESH,Wind,1265,26.34,0,0.06,0
ESH,Waste,1563,20.1,6.2,0.06,0
ESH,Hydro,5316,29.86,0,0.06,0
ESH,Geothermal,2521,128.544,1.16,0.06,0
ESH,CSP,7221,85.4,0,0.06,0
ESH,Nuclear,6041,121.64,2.37,0.06,0
ESH,Biomass,4097,125.72,4.83,0.06,0
ESP,Coal,3676,40.58,4.5,0.06,3.21E-06
ESP,Gas,958,12.2,1.87,0.06,1.94E-06
ESP,Oil,1810,35.16,5.69,0.06,1.24E-05
ESP,Solar,1313,15.25,0,0.06,0
ESP,Wind,1265,26.34,0,0.06,0
ESP,Waste,1563,20.1,6.2,0.06,0
ESP,Hydro,5316,29.86,0,0.06,0
ESP,Geothermal,2521,128.544,1.16,0.06,0
ESP,CSP,7221,85.4,0,0.06,0
ESP,Nuclear,6041,121.64,2.37,0.06,0
ESP,Biomass,4097,125.72,4.83,0.06,0
EST,Coal,3676,40.58,4.5,0.06,3.21E-06
EST,Gas,958,12.2,1.87,0.06,1.94E-06
EST,Oil,1810,35.16,5.69,0.06,1.24E-05
EST,Solar,1313,15.25,0,0.06,0
EST,Wind,1265,26.34,0,0.06,0
EST,Waste,1563,20.1,6.2,0.06,0
EST,Hydro,5316,29.86,0,0.06,0
EST,Geothermal,2521,128.544,1.16,0.06,0
EST,CSP,7221,85.4,0,0.06,0
EST,Nuclear,6041,121.64,2.37,0.06,0
EST,Biomass,4097,125.72,4.83,0.06,0
ETH,Coal,3676,40.58,4.5,0.06,3.21E-06
ETH,Gas,958,12.2,1.87,0.06,1.94E-06
ETH,Oil,1810,35.16,5.69,0.06,1.24E-05
ETH,Solar,1313,15.25,0,0.06,0
ETH,Wind,1265,26.34,0,0.06,0
ETH,Waste,1563,20.1,6.2,0.06,0
ETH,Hydro,5316,29.86,0,0.06,0
ETH,Geothermal,2521,128.544,1.16,0.06,0
ETH,CSP,7221,85.4,0,0.06,0
ETH,Nuclear,6041,121.64,2.37,0.06,0
ETH,Biomass,4097,125.72,4.83,0.06,0
FIN,Coal,3676,40.58,4.5,0.06,3.21E-06
FIN,Gas,958,12.2,1.87,0.06,1.94E-06
FIN,Oil,1810,35.16,5.69,0.06,1.24E-05
FIN,Solar,1313,15.25,0,0.06,0
FIN,Wind,1265,26.34,0,0.06,0
FIN,Waste,1563,20.1,6.2,0.06,0
FIN,Hydro,5316,29.86,0,0.06,0
FIN,Geothermal,2521,128.544,1.16,0.06,0
FIN,CSP,7221,85.4,0,0.06,0
FIN,Nuclear,6041,121.64,2.37,0.06,0
FIN,Biomass,4097,125.72,4.83,0.06,0
FJI,Coal,3676,40.58,4.5,0.06,3.21E-06
FJI,Gas,958,12.2,1.87,0.06,1.94E-06
FJI,Oil,1810,35.16,5.69,0.06,1.24E-05
FJI,Solar,1313,15.25,0,0.06,0
FJI,Wind,1265,26.34,0,0.06,0
FJI,Waste,1563,20.1,6.2,0.06,0
FJI,Hydro,5316,29.86,0,0.06,0
FJI,Geothermal,2521,128.544,1.16,0.06,0
FJI,CSP,7221,85.4,0,0.06,0
FJI,Nuclear,6041,121.64,2.37,0.06,0
FJI,Biomass,4097,125.72,4.83,0.06,0
FRA,Coal,3676,40.58,4.5,0.06,3.21E-06
FRA,Gas,958,12.2,1.87,0.06,1.94E-06
FRA,Oil,1810,35.16,5.69,0.06,1.24E-05
FRA,Solar,1313,15.25,0,0.06,0
FRA,Wind,1265,26.34,0,0.06,0
FRA,Waste,1563,20.1,6.2,0.06,0
FRA,Hydro,5316,29.86,0,0.06,0
FRA,Geothermal,2521,128.544,1.16,0.06,0
FRA,CSP,7221,85.4,0,0.06,0
FRA,Nuclear,6041,121.64,2.37,0.06,0
FRA,Biomass,4097,125.72,4.83,0.06,0
GAB,Coal,3676,40.58,4.5,0.06,3.21E-06
GAB,Gas,958,12.2,1.87,0.06,1.94E-06
GAB,Oil,1810,35.16,5.69,0.06,1.24E-05
GAB,Solar,1313,15.25,0,0.06,0
GAB,Wind,1265,26.34,0,0.06,0
GAB,Waste,1563,20.1,6.2,0.06,0
GAB,Hydro,5316,29.86,0,0.06,0
GAB,Geothermal,2521,128.544,1.16,0.06,0
GAB,CSP,7221,85.4,0,0.06,0
GAB,Nuclear,6041,121.64,2.37,0.06,0
GAB,Biomass,4097,125.72,4.83,0.06,0
GBR,Coal,3676,40.58,4.5,0.06,3.21E-06
GBR,Gas,958,12.2,1.87,0.06,1.94E-06
GBR,Oil,1810,35.16,5.69,0.06,1.24E-05
GBR,Solar,1313,15.25,0,0.06,0
GBR,Wind,1265,26.34,0,0.06,0
GBR,Waste,1563,20.1,6.2,0.06,0
GBR,Hydro,5316,29.86,0,0.06,0
GBR,Geothermal,2521,128.544,1.16,0.06,0
GBR,CSP,7221,85.4,0,0.06,0
GBR,Nuclear,6041,121.64,2.37,0.06,0
GBR,Biomass,4097,125.72,4.83,0.06,0
GEO,Coal,3676,40.58,4.5,0.06,3.21E-06
GEO,Gas,958,12.2,1.87,0.06,1.94E-06
GEO,Oil,1810,35.16,5.69,0.06,1.24E-05
GEO,Solar,1313,15.25,0,0.06,0
GEO,Wind,1265,26.34,0,0.06,0
GEO,Waste,1563,20.1,6.2,0.06,0
GEO,Hydro,5316,29.86,0,0.06,0
GEO,Geothermal,2521,128.544,1.16,0.06,0
GEO,CSP,7221,85.4,0,0.06,0
GEO,Nuclear,6041,121.64,2.37,0.06,0
GEO,Biomass,4097,125.72,4.83,0.06,0
GHA,Coal,3676,40.58,4.5,0.06,3.21E-06
GHA,Gas,958,12.2,1.87,0.06,1.94E-06
GHA,Oil,1810,35.16,5.69,0.06,1.24E-05
GHA,Solar,1313,15.25,0,0.06,0
GHA,Wind,1265,26.34,0,0.06,0
GHA,Waste,1563,20.1,6.2,0.06,0
GHA,Hydro,5316,29.86,0,0.06,0
GHA,Geothermal,2521,128.544,1.16,0.06,0
GHA,CSP,7221,85.4,0,0.06,0
GHA,Nuclear,6041,121.64,2.37,0.06,0
GHA,Biomass,4097,125.72,4.83,0.06,0
GIN,Coal,3676,40.58,4.5,0.06,3.21E-06
GIN,Gas,958,12.2,1.87,0.06,1.94E-06
GIN,Oil,1810,35.16,5.69,0.06,1.24E-05
GIN,Solar,1313,15.25,0,0.06,0
GIN,Wind,1265,26.34,0,0.06,0
GIN,Waste,1563,20.1,6.2,0.06,0
GIN,Hydro,5316,29.86,0,0.06,0
GIN,Geothermal,2521,128.544,1.16,0.06,0
GIN,CSP,7221,85.4,0,0.06,0
GIN,Nuclear,6041,121.64,2.37,0.06,0
GIN,Biomass,4097,125.72,4.83,0.06,0
GMB,Coal,3676,40.58,4.5,0.06,3.21E-06
GMB,Gas,958,12.2,1.87,0.06,1.94E-06
GMB,Oil,1810,35.16,5.69,0.06,1.24E-05
GMB,Solar,1313,15.25,0,0.06,0
GMB,Wind,1265,26.34,0,0.06,0
GMB,Waste,1563,20.1,6.2,0.06,0
GMB,Hydro,5316,29.86,0,0.06,0
GMB,Geothermal,2521,128.544,1.16,0.06,0
GMB,CSP,7221,85.4,0,0.06,0
GMB,Nuclear,6041,121.64,2.37,0.06,0
GMB,Biomass,4097,125.72,4.83,0.06,0
GNB,Coal,3676,40.58,4.5,0.06,3.21E-06
GNB,Gas,958,12.2,1.87,0.06,1.94E-06
GNB,Oil,1810,35.16,5.69,0.06,1.24E-05
GNB,Solar,1313,15.25,0,0.06,0
GNB,Wind,1265,26.34,0,0.06,0
GNB,Waste,1563,20.1,6.2,0.06,0
GNB,Hydro,5316,29.86,0,0.06,0
GNB,Geothermal,2521,128.544,1.16,0.06,0
GNB,CSP,7221,85.4,0,0.06,0
GNB,Nuclear,6041,121.64,2.37,0.06,0
GNB,Biomass,4097,125.72,4.83,0.06,0
GNQ,Coal,3676,40.58,4.5,0.06,3.21E-06
GNQ,Gas,958,12.2,1.87,0.06,1.94E-06
GNQ,Oil,1810,35.16,5.69,0.06,1.24E-05
GNQ,Solar,1313,15.25,0,0.06,0
GNQ,Wind,1265,26.34,0,0.06,0
GNQ,Waste,1563,20.1,6.2,0.06,0
GNQ,Hydro,5316,29.86,0,0.06,0
GNQ,Geothermal,2521,128.544,1.16,0.06,0
GNQ,CSP,7221,85.4,0,0.06,0
GNQ,Nuclear,6041,121.64,2.37,0.06,0
GNQ,Biomass,4097,125.72,4.83,0.06,0
GRC,Coal,3676,40.58,4.5,0.06,3.21E-06
GRC,Gas,958,12.2,1.87,0.06,1.94E-06
GRC,Oil,1810,35.16,5.69,0.06,1.24E-05
GRC,Solar,1313,15.25,0,0.06,0
GRC,Wind,1265,26.34,0,0.06,0
GRC,Waste,1563,20.1,6.2,0.06,0
GRC,Hydro,5316,29.86,0,0.06,0
GRC,Geothermal,2521,128.544,1.16,0.06,0
GRC,CSP,7221,85.4,0,0.06,0
GRC,Nuclear,6041,121.64,2.37,0.06,0
GRC,Biomass,4097,125.72,4.83,0.06,0
GTM,Coal,3676,40.58,4.5,0.06,3.21E-06
GTM,Gas,958,12.2,1.87,0.06,1.94E-06
GTM,Oil,1810,35.16,5.69,0.06,1.24E-05
GTM,Solar,1313,15.25,0,0.06,0
GTM,Wind,1265,26.34,0,0.06,0
GTM,Waste,1563,20.1,6.2,0.06,0
GTM,Hydro,5316,29.86,0,0.06,0
GTM,Geothermal,2521,128.544,1.16,0.06,0
GTM,CSP,7221,85.4,0,0.06,0
GTM,Nuclear,6041,121.64,2.37,0.06,0
GTM,Biomass,4097,125.72,4.83,0.06,0
GUF,Coal,3676,40.58,4.5,0.06,3.21E-06
GUF,Gas,958,12.2,1.87,0.06,1.94E-06
GUF,Oil,1810,35.16,5.69,0.06,1.24E-05
GUF,Solar,1313,15.25,0,0.06,0
GUF,Wind,1265,26.34,0,0.06,0
GUF,Waste,1563,20.1,6.2,0.06,0
GUF,Hydro,5316,29.86,0,0.06,0
GUF,Geothermal,2521,128.544,1.16,0.06,0
GUF,CSP,7221,85.4,0,0.06,0
GUF,Nuclear,6041,121.64,2.37,0.06,0
GUF,Biomass,4097,125.72,4.83,0.06,0
GUY,Coal,3676,40.58,4.5,0.06,3.21E-06
GUY,Gas,958,12.2,1.87,0.06,1.94E-06
GUY,Oil,1810,35.16,5.69,0.06,1.24E-05
GUY,Solar,1313,15.25,0,0.06,0
GUY,Wind,1265,26.34,0,0.06,0
GUY,Waste,1563,20.1,6.2,0.06,0
GUY,Hydro,5316,29.86,0,0.06,0
GUY,Geothermal,2521,128.544,1.16,0.06,0
GUY,CSP,7221,85.4,0,0.06,0
GUY,Nuclear,6041,121.64,2.37,0.06,0
GUY,Biomass,4097,125.72,4.83,0.06,0
HND,Coal,3676,40.58,4.5,0.06,3.21E-06
HND,Gas,958,12.2,1.87,0.06,1.94E-06
HND,Oil,1810,35.16,5.69,0.06,1.24E-05
HND,Solar,1313,15.25,0,0.06,0
HND,Wind,1265,26.34,0,0.06,0
HND,Waste,1563,20.1,6.2,0.06,0
HND,Hydro,5316,29.86,0,0.06,0
HND,Geothermal,2521,128.544,1.16,0.06,0
HND,CSP,7221,85.4,0,0.06,0
HND,Nuclear,6041,121.64,2.37,0.06,0
HND,Biomass,4097,125.72,4.83,0.06,0
HRV,Coal,3676,40.58,4.5,0.06,3.21E-06
HRV,Gas,958,12.2,1.87,0.06,1.94E-06
HRV,Oil,1810,35.16,5.69,0.06,1.24E-05
HRV,Solar,1313,15.25,0,0.06,0
HRV,Wind,1265,26.34,0,0.06,0
HRV,Waste,1563,20.1,6.2,0.06,0
HRV,Hydro,5316,29.86,0,0.06,0
HRV,Geothermal,2521,128.544,1.16,0.06,0
HRV,CSP,7221,85.4,0,0.06,0
HRV,Nuclear,6041,121.64,2.37,0.06,0
HRV,Biomass,4097,125.72,4.83,0.06,0
HUN,Coal,3676,40.58,4.5,0.06,3.21E-06
HUN,Gas,958,12.2,1.87,0.06,1.94E-06
HUN,Oil,1810,35.16,5.69,0.06,1.24E-05
HUN,Solar,1313,15.25,0,0.06,0
HUN,Wind,1265,26.34,0,0.06,0
HUN,Waste,1563,20.1,6.2,0.06,0
HUN,Hydro,5316,29.86,0,0.06,0
HUN,Geothermal,2521,128.544,1.16,0.06,0
HUN,CSP,7221,85.4,0,0.06,0
HUN,Nuclear,6041,121.64,2.37,0.06,0
HUN,Biomass,4097,125.72,4.83,0.06,0
IDN,Coal,3676,40.58,4.5,0.06,3.21E-06
IDN,Gas,958,12.2,1.87,0.06,1.94E-06
IDN,Oil,1810,35.16,5.69,0.06,1.24E-05
IDN,Solar,1313,15.25,0,0.06,0
IDN,Wind,1265,26.34,0,0.06,0
IDN,Waste,1563,20.1,6.2,0.06,0
IDN,Hydro,5316,29.86,0,0.06,0
IDN,Geothermal,2521,128.544,1.16,0.06,0
IDN,CSP,7221,85.4,0,0.06,0
IDN,Nuclear,6041,121.64,2.37,0.06,0
IDN,Biomass,4097,125.72,4.83,0.06,0
IND,Coal,3676,40.58,4.5,0.06,3.21E-06
IND,Gas,958,12.2,1.87,0.06,1.94E-06
IND,Oil,1810,35.16,5.69,0.06,1.24E-05
IND,Solar,1313,15.25,0,0.06,0
IND,Wind,1265,26.34,0,0.06,0
IND,Waste,1563,20.1,6.2,0.06,0
IND,Hydro,5316,29.86,0,0.06,0
IND,Geothermal,2521,128.544,1.16,0.06,0
IND,CSP,7221,85.4,0,0.06,0
IND,Nuclear,6041,121.64,2.37,0.06,0
IND,Biomass,4097,125.72,4.83,0.06,0
IRL,Coal,3676,40.58,4.5,0.06,3.21E-06
IRL,Gas,958,12.2,1.87,0.06,1.94E-06
IRL,Oil,1810,35.16,5.69,0.06,1.24E-05
IRL,Solar,1313,15.25,0,0.06,0
IRL,Wind,1265,26.34,0,0.06,0
IRL,Waste,1563,20.1,6.2,0.06,0
IRL,Hydro,5316,29.86,0,0.06,0
IRL,Geothermal,2521,128.544,1.16,0.06,0
IRL,CSP,7221,85.4,0,0.06,0
IRL,Nuclear,6041,121.64,2.37,0.06,0
IRL,Biomass,4097,125.72,4.83,0.06,0
IRN,Coal,3676,40.58,4.5,0.06,3.21E-06
IRN,Gas,958,12.2,1.87,0.06,1.94E-06
IRN,Oil,1810,35.16,5.69,0.06,1.24E-05
IRN,Solar,1313,15.25,0,0.06,0
IRN,Wind,1265,26.34,0,0.06,0
IRN,Waste,1563,20.1,6.2,0.06,0
IRN,Hydro,5316,29.86,0,0.06,0
IRN,Geothermal,2521,128.544,1.16,0.06,0
IRN,CSP,7221,85.4,0,0.06,0
IRN,Nuclear,6041,121.64,2.37,0.06,0
IRN,Biomass,4097,125.72,4.83,0.06,0
IRQ,Coal,3676,40.58,4.5,0.06,3.21E-06
IRQ,Gas,958,12.2,1.87,0.06,1.94E-06
IRQ,Oil,1810,35.16,5.69,0.06,1.24E-05
IRQ,Solar,1313,15.25,0,0.06,0
IRQ,Wind,1265,26.34,0,0.06,0
IRQ,Waste,1563,20.1,6.2,0.06,0
IRQ,Hydro,5316,29.86,0,0.06,0
IRQ,Geothermal,2521,128.544,1.16,0.06,0
IRQ,CSP,7221,85.4,0,0.06,0
IRQ,Nuclear,6041,121.64,2.37,0.06,0
IRQ,Biomass,4097,125.72,4.83,0.06,0
ISL,Coal,3676,40.58,4.5,0.06,3.21E-06
ISL,Gas,958,12.2,1.87,0.06,1.94E-06
ISL,Oil,1810,35.16,5.69,0.06,1.24E-05
ISL,Solar,1313,15.25,0,0.06,0
ISL,Wind,1265,26.34,0,0.06,0
ISL,Waste,1563,20.1,6.2,0.06,0
ISL,Hydro,5316,29.86,0,0.06,0
ISL,Geothermal,2521,128.544,1.16,0.06,0
ISL,CSP,7221,85.4,0,0.06,0
ISL,Nuclear,6041,121.64,2.37,0.06,0
ISL,Biomass,4097,125.72,4.83,0.06,0
ISR,Coal,3676,40.58,4.5,0.06,3.21E-06
ISR,Gas,958,12.2,1.87,0.06,1.94E-06
ISR,Oil,1810,35.16,5.69,0.06,1.24E-05
ISR,Solar,1313,15.25,0,0.06,0
ISR,Wind,1265,26.34,0,0.06,0
ISR,Waste,1563,20.1,6.2,0.06,0
ISR,Hydro,5316,29.86,0,0.06,0
ISR,Geothermal,2521,128.544,1.16,0.06,0
ISR,CSP,7221,85.4,0,0.06,0
ISR,Nuclear,6041,121.64,2.37,0.06,0
ISR,Biomass,4097,125.72,4.83,0.06,0
ITA,Coal,3676,40.58,4.5,0.06,3.21E-06
ITA,Gas,958,12.2,1.87,0.06,1.94E-06
ITA,Oil,1810,35.16,5.69,0.06,1.24E-05
ITA,Solar,1313,15.25,0,0.06,0
ITA,Wind,1265,26.34,0,0.06,0
ITA,Waste,1563,20.1,6.2,0.06,0
ITA,Hydro,5316,29.86,0,0.06,0
ITA,Geothermal,2521,128.544,1.16,0.06,0
ITA,CSP,7221,85.4,0,0.06,0
ITA,Nuclear,6041,121.64,2.37,0.06,0
ITA,Biomass,4097,125.72,4.83,0.06,0
JAM,Coal,3676,40.58,4.5,0.06,3.21E-06
JAM,Gas,958,12.2,1.87,0.06,1.94E-06
JAM,Oil,1810,35.16,5.69,0.06,1.24E-05
JAM,Solar,1313,15.25,0,0.06,0
JAM,Wind,1265,26.34,0,0.06,0
JAM,Waste,1563,20.1,6.2,0.06,0
JAM,Hydro,5316,29.86,0,0.06,0
JAM,Geothermal,2521,128.544,1.16,0.06,0
JAM,CSP,7221,85.4,0,0.06,0
JAM,Nuclear,6041,121.64,2.37,0.06,0
JAM,Biomass,4097,125.72,4.83,0.06,0
JOR,Coal,3676,40.58,4.5,0.06,3.21E-06
JOR,Gas,958,12.2,1.87,0.06,1.94E-06
JOR,Oil,1810,35.16,5.69,0.06,1.24E-05
JOR,Solar,1313,15.25,0,0.06,0
JOR,Wind,1265,26.34,0,0.06,0
JOR,Waste,1563,20.1,6.2,0.06,0
JOR,Hydro,5316,29.86,0,0.06,0
JOR,Geothermal,2521,128.544,1.16,0.06,0
JOR,CSP,7221,85.4,0,0.06,0
JOR,Nuclear,6041,121.64,2.37,0.06,0
JOR,Biomass,4097,125.72,4.83,0.06,0
JPN,Coal,3676,40.58,4.5,0.06,3.21E-06
JPN,Gas,958,12.2,1.87,0.06,1.94E-06
JPN,Oil,1810,35.16,5.69,0.06,1.24E-05
JPN,Solar,1313,15.25,0,0.06,0
JPN,Wind,1265,26.34,0,0.06,0
JPN,Waste,1563,20.1,6.2,0.06,0
JPN,Hydro,5316,29.86,0,0.06,0
JPN,Geothermal,2521,128.544,1.16,0.06,0
JPN,CSP,7221,85.4,0,0.06,0
JPN,Nuclear,6041,121.64,2.37,0.06,0
JPN,Biomass,4097,125.72,4.83,0.06,0
KAZ,Coal,3676,40.58,4.5,0.06,3.21E-06
KAZ,Gas,958,12.2,1.87,0.06,1.94E-06
KAZ,Oil,1810,35.16,5.69,0.06,1.24E-05
KAZ,Solar,1313,15.25,0,0.06,0
KAZ,Wind,1265,26.34,0,0.06,0
KAZ,Waste,1563,20.1,6.2,0.06,0
KAZ,Hydro,5316,29.86,0,0.06,0
KAZ,Geothermal,2521,128.544,1.16,0.06,0
KAZ,CSP,7221,85.4,0,0.06,0
KAZ,Nuclear,6041,121.64,2.37,0.06,0
KAZ,Biomass,4097,125.72,4.83,0.06,0
KEN,Coal,3676,40.58,4.5,0.06,3.21E-06
KEN,Gas,958,12.2,1.87,0.06,1.94E-06
KEN,Oil,1810,35.16,5.69,0.06,1.24E-05
KEN,Solar,1313,15.25,0,0.06,0
KEN,Wind,1265,26.34,0,0.06,0
KEN,Waste,1563,20.1,6.2,0.06,0
KEN,Hydro,5316,29.86,0,0.06,0
KEN,Geothermal,2521,128.544,1.16,0.06,0
KEN,CSP,7221,85.4,0,0.06,0
KEN,Nuclear,6041,121.64,2.37,0.06,0
KEN,Biomass,4097,125.72,4.83,0.06,0
KGZ,Coal,3676,40.58,4.5,0.06,3.21E-06
KGZ,Gas,958,12.2,1.87,0.06,1.94E-06
KGZ,Oil,1810,35.16,5.69,0.06,1.24E-05
KGZ,Solar,1313,15.25,0,0.06,0
KGZ,Wind,1265,26.34,0,0.06,0
KGZ,Waste,1563,20.1,6.2,0.06,0
KGZ,Hydro,5316,29.86,0,0.06,0
KGZ,Geothermal,2521,128.544,1.16,0.06,0
KGZ,CSP,7221,85.4,0,0.06,0
KGZ,Nuclear,6041,121.64,2.37,0.06,0
KGZ,Biomass,4097,125.72,4.83,0.06,0
KHM,Coal,3676,40.58,4.5,0.06,3.21E-06
KHM,Gas,958,12.2,1.87,0.06,1.94E-06
KHM,Oil,1810,35.16,5.69,0.06,1.24E-05
KHM,Solar,1313,15.25,0,0.06,0
KHM,Wind,1265,26.34,0,0.06,0
KHM,Waste,1563,20.1,6.2,0.06,0
KHM,Hydro,5316,29.86,0,0.06,0
KHM,Geothermal,2521,128.544,1.16,0.06,0
KHM,CSP,7221,85.4,0,0.06,0
KHM,Nuclear,6041,121.64,2.37,0.06,0
KHM,Biomass,4097,125.72,4.83,0.06,0
KOR,Coal,3676,40.58,4.5,0.06,3.21E-06
KOR,Gas,958,12.2,1.87,0.06,1.94E-06
KOR,Oil,1810,35.16,5.69,0.06,1.24E-05
KOR,Solar,1313,15.25,0,0.06,0
KOR,Wind,1265,26.34,0,0.06,0
KOR,Waste,1563,20.1,6.2,0.06,0
KOR,Hydro,5316,29.86,0,0.06,0
KOR,Geothermal,2521,128.544,1.16,0.06,0
KOR,CSP,7221,85.4,0,0.06,0
KOR,Nuclear,6041,121.64,2.37,0.06,0
KOR,Biomass,4097,125.72,4.83,0.06,0
KOS,Coal,3676,40.58,4.5,0.06,3.21E-06
KOS,Gas,958,12.2,1.87,0.06,1.94E-06
KOS,Oil,1810,35.16,5.69,0.06,1.24E-05
KOS,Solar,1313,15.25,0,0.06,0
KOS,Wind,1265,26.34,0,0.06,0
KOS,Waste,1563,20.1,6.2,0.06,0
KOS,Hydro,5316,29.86,0,0.06,0
KOS,Geothermal,2521,128.544,1.16,0.06,0
KOS,CSP,7221,85.4,0,0.06,0
KOS,Nuclear,6041,121.64,2.37,0.06,0
KOS,Biomass,4097,125.72,4.83,0.06,0
KWT,Coal,3676,40.58,4.5,0.06,3.21E-06
KWT,Gas,958,12.2,1.87,0.06,1.94E-06
KWT,Oil,1810,35.16,5.69,0.06,1.24E-05
KWT,Solar,1313,15.25,0,0.06,0
KWT,Wind,1265,26.34,0,0.06,0
KWT,Waste,1563,20.1,6.2,0.06,0
KWT,Hydro,5316,29.86,0,0.06,0
KWT,Geothermal,2521,128.544,1.16,0.06,0
KWT,CSP,7221,85.4,0,0.06,0
KWT,Nuclear,6041,121.64,2.37,0.06,0
KWT,Biomass,4097,125.72,4.83,0.06,0
LAO,Coal,3676,40.58,4.5,0.06,3.21E-06
LAO,Gas,958,12.2,1.87,0.06,1.94E-06
LAO,Oil,1810,35.16,5.69,0.06,1.24E-05
LAO,Solar,1313,15.25,0,0.06,0
LAO,Wind,1265,26.34,0,0.06,0
LAO,Waste,1563,20.1,6.2,0.06,0
LAO,Hydro,5316,29.86,0,0.06,0
LAO,Geothermal,2521,128.544,1.16,0.06,0
LAO,CSP,7221,85.4,0,0.06,0
LAO,Nuclear,6041,121.64,2.37,0.06,0
LAO,Biomass,4097,125.72,4.83,0.06,0
LBN,Coal,3676,40.58,4.5,0.06,3.21E-06
LBN,Gas,958,12.2,1.87,0.06,1.94E-06
LBN,Oil,1810,35.16,5.69,0.06,1.24E-05
LBN,Solar,1313,15.25,0,0.06,0
LBN,Wind,1265,26.34,0,0.06,0
LBN,Waste,1563,20.1,6.2,0.06,0
LBN,Hydro,5316,29.86,0,0.06,0
LBN,Geothermal,2521,128.544,1.16,0.06,0
LBN,CSP,7221,85.4,0,0.06,0
LBN,Nuclear,6041,121.64,2.37,0.06,0
LBN,Biomass,4097,125.72,4.83,0.06,0
LBR,Coal,3676,40.58,4.5,0.06,3.21E-06
LBR,Gas,958,12.2,1.87,0.06,1.94E-06
LBR,Oil,1810,35.16,5.69,0.06,1.24E-05
LBR,Solar,1313,15.25,0,0.06,0
LBR,Wind,1265,26.34,0,0.06,0
LBR,Waste,1563,20.1,6.2,0.06,0
LBR,Hydro,5316,29.86,0,0.06,0
LBR,Geothermal,2521,128.544,1.16,0.06,0
LBR,CSP,7221,85.4,0,0.06,0
LBR,Nuclear,6041,121.64,2.37,0.06,0
LBR,Biomass,4097,125.72,4.83,0.06,0
LBY,Coal,3676,40.58,4.5,0.06,3.21E-06
LBY,Gas,958,12.2,1.87,0.06,1.94E-06
LBY,Oil,1810,35.16,5.69,0.06,1.24E-05
LBY,Solar,1313,15.25,0,0.06,0
LBY,Wind,1265,26.34,0,0.06,0
LBY,Waste,1563,20.1,6.2,0.06,0
LBY,Hydro,5316,29.86,0,0.06,0
LBY,Geothermal,2521,128.544,1.16,0.06,0
LBY,CSP,7221,85.4,0,0.06,0
LBY,Nuclear,6041,121.64,2.37,0.06,0
LBY,Biomass,4097,125.72,4.83,0.06,0
LKA,Coal,3676,40.58,4.5,0.06,3.21E-06
LKA,Gas,958,12.2,1.87,0.06,1.94E-06
LKA,Oil,1810,35.16,5.69,0.06,1.24E-05
LKA,Solar,1313,15.25,0,0.06,0
LKA,Wind,1265,26.34,0,0.06,0
LKA,Waste,1563,20.1,6.2,0.06,0
LKA,Hydro,5316,29.86,0,0.06,0
LKA,Geothermal,2521,128.544,1.16,0.06,0
LKA,CSP,7221,85.4,0,0.06,0
LKA,Nuclear,6041,121.64,2.37,0.06,0
LKA,Biomass,4097,125.72,4.83,0.06,0
LSO,Coal,3676,40.58,4.5,0.06,3.21E-06
LSO,Gas,958,12.2,1.87,0.06,1.94E-06
LSO,Oil,1810,35.16,5.69,0.06,1.24E-05
LSO,Solar,1313,15.25,0,0.06,0
LSO,Wind,1265,26.34,0,0.06,0
LSO,Waste,1563,20.1,6.2,0.06,0
LSO,Hydro,5316,29.86,0,0.06,0
LSO,Geothermal,2521,128.544,1.16,0.06,0
LSO,CSP,7221,85.4,0,0.06,0
LSO,Nuclear,6041,121.64,2.37,0.06,0
LSO,Biomass,4097,125.72,4.83,0.06,0
LTU,Coal,3676,40.58,4.5,0.06,3.21E-06
LTU,Gas,958,12.2,1.87,0.06,1.94E-06
LTU,Oil,1810,35.16,5.69,0.06,1.24E-05
LTU,Solar,1313,15.25,0,0.06,0
LTU,Wind,1265,26.34,0,0.06,0
LTU,Waste,1563,20.1,6.2,0.06,0
LTU,Hydro,5316,29.86,0,0.06,0
LTU,Geothermal,2521,128.544,1.16,0.06,0
LTU,CSP,7221,85.4,0,0.06,0
LTU,Nuclear,6041,121.64,2.37,0.06,0
LTU,Biomass,4097,125.72,4.83,0.06,0
LUX,Coal,3676,40.58,4.5,0.06,3.21E-06
LUX,Gas,958,12.2,1.87,0.06,1.94E-06
LUX,Oil,1810,35.16,5.69,0.06,1.24E-05
LUX,Solar,1313,15.25,0,0.06,0
LUX,Wind,1265,26.34,0,0.06,0
LUX,Waste,1563,20.1,6.2,0.06,0
LUX,Hydro,5316,29.86,0,0.06,0
LUX,Geothermal,2521,128.544,1.16,0.06,0
LUX,CSP,7221,85.4,0,0.06,0
LUX,Nuclear,6041,121.64,2.37,0.06,0
LUX,Biomass,4097,125.72,4.83,0.06,0
LVA,Coal,3676,40.58,4.5,0.06,3.21E-06
LVA,Gas,958,12.2,1.87,0.06,1.94E-06
LVA,Oil,1810,35.16,5.69,0.06,1.24E-05
LVA,Solar,1313,15.25,0,0.06,0
LVA,Wind,1265,26.34,0,0.06,0
LVA,Waste,1563,20.1,6.2,0.06,0
LVA,Hydro,5316,29.86,0,0.06,0
LVA,Geothermal,2521,128.544,1.16,0.06,0
LVA,CSP,7221,85.4,0,0.06,0
LVA,Nuclear,6041,121.64,2.37,0.06,0
LVA,Biomass,4097,125.72,4.83,0.06,0
MAR,Coal,3676,40.58,4.5,0.06,3.21E-06
MAR,Gas,958,12.2,1.87,0.06,1.94E-06
MAR,Oil,1810,35.16,5.69,0.06,1.24E-05
MAR,Solar,1313,15.25,0,0.06,0
MAR,Wind,1265,26.34,0,0.06,0
MAR,Waste,1563,20.1,6.2,0.06,0
MAR,Hydro,5316,29.86,0,0.06,0
MAR,Geothermal,2521,128.544,1.16,0.06,0
MAR,CSP,7221,85.4,0,0.06,0
MAR,Nuclear,6041,121.64,2.37,0.06,0
MAR,Biomass,4097,125.72,4.83,0.06,0
MDA,Coal,3676,40.58,4.5,0.06,3.21E-06
MDA,Gas,958,12.2,1.87,0.06,1.94E-06
MDA,Oil,1810,35.16,5.69,0.06,1.24E-05
MDA,Solar,1313,15.25,0,0.06,0
MDA,Wind,1265,26.34,0,0.06,0
MDA,Waste,1563,20.1,6.2,0.06,0
MDA,Hydro,5316,29.86,0,0.06,0
MDA,Geothermal,2521,128.544,1.16,0.06,0
MDA,CSP,7221,85.4,0,0.06,0
MDA,Nuclear,6041,121.64,2.37,0.06,0
MDA,Biomass,4097,125.72,4.83,0.06,0
MDG,Coal,3676,40.58,4.5,0.06,3.21E-06
MDG,Gas,958,12.2,1.87,0.06,1.94E-06
MDG,Oil,1810,35.16,5.69,0.06,1.24E-05
MDG,Solar,1313,15.25,0,0.06,0
MDG,Wind,1265,26.34,0,0.06,0
MDG,Waste,1563,20.1,6.2,0.06,0
MDG,Hydro,5316,29.86,0,0.06,0
MDG,Geothermal,2521,128.544,1.16,0.06,0
MDG,CSP,7221,85.4,0,0.06,0
MDG,Nuclear,6041,121.64,2.37,0.06,0
MDG,Biomass,4097,125.72,4.83,0.06,0
MEX,Coal,3676,40.58,4.5,0.06,3.21E-06
MEX,Gas,958,12.2,1.87,0.06,1.94E-06
MEX,Oil,1810,35.16,5.69,0.06,1.24E-05
MEX,Solar,1313,15.25,0,0.06,0
MEX,Wind,1265,26.34,0,0.06,0
MEX,Waste,1563,20.1,6.2,0.06,0
MEX,Hydro,5316,29.86,0,0.06,0
MEX,Geothermal,2521,128.544,1.16,0.06,0
MEX,CSP,7221,85.4,0,0.06,0
MEX,Nuclear,6041,121.64,2.37,0.06,0
MEX,Biomass,4097,125.72,4.83,0.06,0
MKD,Coal,3676,40.58,4.5,0.06,3.21E-06
MKD,Gas,958,12.2,1.87,0.06,1.94E-06
MKD,Oil,1810,35.16,5.69,0.06,1.24E-05
MKD,Solar,1313,15.25,0,0.06,0
MKD,Wind,1265,26.34,0,0.06,0
MKD,Waste,1563,20.1,6.2,0.06,0
MKD,Hydro,5316,29.86,0,0.06,0
MKD,Geothermal,2521,128.544,1.16,0.06,0
MKD,CSP,7221,85.4,0,0.06,0
MKD,Nuclear,6041,121.64,2.37,0.06,0
MKD,Biomass,4097,125.72,4.83,0.06,0
MLI,Coal,3676,40.58,4.5,0.06,3.21E-06
MLI,Gas,958,12.2,1.87,0.06,1.94E-06
MLI,Oil,1810,35.16,5.69,0.06,1.24E-05
MLI,Solar,1313,15.25,0,0.06,0
MLI,Wind,1265,26.34,0,0.06,0
MLI,Waste,1563,20.1,6.2,0.06,0
MLI,Hydro,5316,29.86,0,0.06,0
MLI,Geothermal,2521,128.544,1.16,0.06,0
MLI,CSP,7221,85.4,0,0.06,0
MLI,Nuclear,6041,121.64,2.37,0.06,0
MLI,Biomass,4097,125.72,4.83,0.06,0
MMR,Coal,3676,40.58,4.5,0.06,3.21E-06
MMR,Gas,958,12.2,1.87,0.06,1.94E-06
MMR,Oil,1810,35.16,5.69,0.06,1.24E-05
MMR,Solar,1313,15.25,0,0.06,0
MMR,Wind,1265,26.34,0,0.06,0
MMR,Waste,1563,20.1,6.2,0.06,0
MMR,Hydro,5316,29.86,0,0.06,0
MMR,Geothermal,2521,128.544,1.16,0.06,0
MMR,CSP,7221,85.4,0,0.06,0
MMR,Nuclear,6041,121.64,2.37,0.06,0
MMR,Biomass,4097,125.72,4.83,0.06,0
MNE,Coal,3676,40.58,4.5,0.06,3.21E-06
MNE,Gas,958,12.2,1.87,0.06,1.94E-06
MNE,Oil,1810,35.16,5.69,0.06,1.24E-05
MNE,Solar,1313,15.25,0,0.06,0
MNE,Wind,1265,26.34,0,0.06,0
MNE,Waste,1563,20.1,6.2,0.06,0
MNE,Hydro,5316,29.86,0,0.06,0
MNE,Geothermal,2521,128.544,1.16,0.06,0
MNE,CSP,7221,85.4,0,0.06,0
MNE,Nuclear,6041,121.64,2.37,0.06,0
MNE,Biomass,4097,125.72,4.83,0.06,0
MNG,Coal,3676,40.58,4.5,0.06,3.21E-06
MNG,Gas,958,12.2,1.87,0.06,1.94E-06
MNG,Oil,1810,35.16,5.69,0.06,1.24E-05
MNG,Solar,1313,15.25,0,0.06,0
MNG,Wind,1265,26.34,0,0.06,0
MNG,Waste,1563,20.1,6.2,0.06,0
MNG,Hydro,5316,29.86,0,0.06,0
MNG,Geothermal,2521,128.544,1.16,0.06,0
MNG,CSP,7221,85.4,0,0.06,0
MNG,Nuclear,6041,121.64,2.37,0.06,0
MNG,Biomass,4097,125.72,4.83,0.06,0
MOZ,Coal,3676,40.58,4.5,0.06,3.21E-06
MOZ,Gas,958,12.2,1.87,0.06,1.94E-06
MOZ,Oil,1810,35.16,5.69,0.06,1.24E-05
MOZ,Solar,1313,15.25,0,0.06,0
MOZ,Wind,1265,26.34,0,0.06,0
MOZ,Waste,1563,20.1,6.2,0.06,0
MOZ,Hydro,5316,29.86,0,0.06,0
MOZ,Geothermal,2521,128.544,1.16,0.06,0
MOZ,CSP,7221,85.4,0,0.06,0
MOZ,Nuclear,6041,121.64,2.37,0.06,0
MOZ,Biomass,4097,125.72,4.83,0.06,0
MRT,Coal,3676,40.58,4.5,0.06,3.21E-06
MRT,Gas,958,12.2,1.87,0.06,1.94E-06
MRT,Oil,1810,35.16,5.69,0.06,1.24E-05
MRT,Solar,1313,15.25,0,0.06,0
MRT,Wind,1265,26.34,0,0.06,0
MRT,Waste,1563,20.1,6.2,0.06,0
MRT,Hydro,5316,29.86,0,0.06,0
MRT,Geothermal,2521,128.544,1.16,0.06,0
MRT,CSP,7221,85.4,0,0.06,0
MRT,Nuclear,6041,121.64,2.37,0.06,0
MRT,Biomass,4097,125.72,4.83,0.06,0
MUS,Coal,3676,40.58,4.5,0.06,3.21E-06
MUS,Gas,958,12.2,1.87,0.06,1.94E-06
MUS,Oil,1810,35.16,5.69,0.06,1.24E-05
MUS,Solar,1313,15.25,0,0.06,0
MUS,Wind,1265,26.34,0,0.06,0
MUS,Waste,1563,20.1,6.2,0.06,0
MUS,Hydro,5316,29.86,0,0.06,0
MUS,Geothermal,2521,128.544,1.16,0.06,0
MUS,CSP,7221,85.4,0,0.06,0
MUS,Nuclear,6041,121.64,2.37,0.06,0
MUS,Biomass,4097,125.72,4.83,0.06,0
MWI,Coal,3676,40.58,4.5,0.06,3.21E-06
MWI,Gas,958,12.2,1.87,0.06,1.94E-06
MWI,Oil,1810,35.16,5.69,0.06,1.24E-05
MWI,Solar,1313,15.25,0,0.06,0
MWI,Wind,1265,26.34,0,0.06,0
MWI,Waste,1563,20.1,6.2,0.06,0
MWI,Hydro,5316,29.86,0,0.06,0
MWI,Geothermal,2521,128.544,1.16,0.06,0
MWI,CSP,7221,85.4,0,0.06,0
MWI,Nuclear,6041,121.64,2.37,0.06,0
MWI,Biomass,4097,125.72,4.83,0.06,0
MYS,Coal,3676,40.58,4.5,0.06,3.21E-06
MYS,Gas,958,12.2,1.87,0.06,1.94E-06
MYS,Oil,1810,35.16,5.69,0.06,1.24E-05
MYS,Solar,1313,15.25,0,0.06,0
MYS,Wind,1265,26.34,0,0.06,0
MYS,Waste,1563,20.1,6.2,0.06,0
MYS,Hydro,5316,29.86,0,0.06,0
MYS,Geothermal,2521,128.544,1.16,0.06,0
MYS,CSP,7221,85.4,0,0.06,0
MYS,Nuclear,6041,121.64,2.37,0.06,0
MYS,Biomass,4097,125.72,4.83,0.06,0
NAM,Coal,3676,40.58,4.5,0.06,3.21E-06
NAM,Gas,958,12.2,1.87,0.06,1.94E-06
NAM,Oil,1810,35.16,5.69,0.06,1.24E-05
NAM,Solar,1313,15.25,0,0.06,0
NAM,Wind,1265,26.34,0,0.06,0
NAM,Waste,1563,20.1,6.2,0.06,0
NAM,Hydro,5316,29.86,0,0.06,0
NAM,Geothermal,2521,128.544,1.16,0.06,0
NAM,CSP,7221,85.4,0,0.06,0
NAM,Nuclear,6041,121.64,2.37,0.06,0
NAM,Biomass,4097,125.72,4.83,0.06,0
NER,Coal,3676,40.58,4.5,0.06,3.21E-06
NER,Gas,958,12.2,1.87,0.06,1.94E-06
NER,Oil,1810,35.16,5.69,0.06,1.24E-05
NER,Solar,1313,15.25,0,0.06,0
NER,Wind,1265,26.34,0,0.06,0
NER,Waste,1563,20.1,6.2,0.06,0
NER,Hydro,5316,29.86,0,0.06,0
NER,Geothermal,2521,128.544,1.16,0.06,0
NER,CSP,7221,85.4,0,0.06,0
NER,Nuclear,6041,121.64,2.37,0.06,0
NER,Biomass,4097,125.72,4.83,0.06,0
NGA,Coal,3676,40.58,4.5,0.06,3.21E-06
NGA,Gas,958,12.2,1.87,0.06,1.94E-06
NGA,Oil,1810,35.16,5.69,0.06,1.24E-05
NGA,Solar,1313,15.25,0,0.06,0
NGA,Wind,1265,26.34,0,0.06,0
NGA,Waste,1563,20.1,6.2,0.06,0
NGA,Hydro,5316,29.86,0,0.06,0
NGA,Geothermal,2521,128.544,1.16,0.06,0
NGA,CSP,7221,85.4,0,0.06,0
NGA,Nuclear,6041,121.64,2.37,0.06,0
NGA,Biomass,4097,125.72,4.83,0.06,0
NIC,Coal,3676,40.58,4.5,0.06,3.21E-06
NIC,Gas,958,12.2,1.87,0.06,1.94E-06
NIC,Oil,1810,35.16,5.69,0.06,1.24E-05
NIC,Solar,1313,15.25,0,0.06,0
NIC,Wind,1265,26.34,0,0.06,0
NIC,Waste,1563,20.1,6.2,0.06,0
NIC,Hydro,5316,29.86,0,0.06,0
NIC,Geothermal,2521,128.544,1.16,0.06,0
NIC,CSP,7221,85.4,0,0.06,0
NIC,Nuclear,6041,121.64,2.37,0.06,0
NIC,Biomass,4097,125.72,4.83,0.06,0
NLD,Coal,3676,40.58,4.5,0.06,3.21E-06
NLD,Gas,958,12.2,1.87,0.06,1.94E-06
NLD,Oil,1810,35.16,5.69,0.06,1.24E-05
NLD,Solar,1313,15.25,0,0.06,0
NLD,Wind,1265,26.34,0,0.06,0
NLD,Waste,1563,20.1,6.2,0.06,0
NLD,Hydro,5316,29.86,0,0.06,0
NLD,Geothermal,2521,128.544,1.16,0.06,0
NLD,CSP,7221,85.4,0,0.06,0
NLD,Nuclear,6041,121.64,2.37,0.06,0
NLD,Biomass,4097,125.72,4.83,0.06,0
NOR,Coal,3676,40.58,4.5,0.06,3.21E-06
NOR,Gas,958,12.2,1.87,0.06,1.94E-06
NOR,Oil,1810,35.16,5.69,0.06,1.24E-05
NOR,Solar,1313,15.25,0,0.06,0
NOR,Wind,1265,26.34,0,0.06,0
NOR,Waste,1563,20.1,6.2,0.06,0
NOR,Hydro,5316,29.86,0,0.06,0
NOR,Geothermal,2521,128.544,1.16,0.06,0
NOR,CSP,7221,85.4,0,0.06,0
NOR,Nuclear,6041,121.64,2.37,0.06,0
NOR,Biomass,4097,125.72,4.83,0.06,0
NPL,Coal,3676,40.58,4.5,0.06,3.21E-06
NPL,Gas,958,12.2,1.87,0.06,1.94E-06
NPL,Oil,1810,35.16,5.69,0.06,1.24E-05
NPL,Solar,1313,15.25,0,0.06,0
NPL,Wind,1265,26.34,0,0.06,0
NPL,Waste,1563,20.1,6.2,0.06,0
NPL,Hydro,5316,29.86,0,0.06,0
NPL,Geothermal,2521,128.544,1.16,0.06,0
NPL,CSP,7221,85.4,0,0.06,0
NPL,Nuclear,6041,121.64,2.37,0.06,0
NPL,Biomass,4097,125.72,4.83,0.06,0
NZL,Coal,3676,40.58,4.5,0.06,3.21E-06
NZL,Gas,958,12.2,1.87,0.06,1.94E-06
NZL,Oil,1810,35.16,5.69,0.06,1.24E-05
NZL,Solar,1313,15.25,0,0.06,0
NZL,Wind,1265,26.34,0,0.06,0
NZL,Waste,1563,20.1,6.2,0.06,0
NZL,Hydro,5316,29.86,0,0.06,0
NZL,Geothermal,2521,128.544,1.16,0.06,0
NZL,CSP,7221,85.4,0,0.06,0
NZL,Nuclear,6041,121.64,2.37,0.06,0
NZL,Biomass,4097,125.72,4.83,0.06,0
OMN,Coal,3676,40.58,4.5,0.06,3.21E-06
OMN,Gas,958,12.2,1.87,0.06,1.94E-06
OMN,Oil,1810,35.16,5.69,0.06,1.24E-05
OMN,Solar,1313,15.25,0,0.06,0
OMN,Wind,1265,26.34,0,0.06,0
OMN,Waste,1563,20.1,6.2,0.06,0
OMN,Hydro,5316,29.86,0,0.06,0
OMN,Geothermal,2521,128.544,1.16,0.06,0
OMN,CSP,7221,85.4,0,0.06,0
OMN,Nuclear,6041,121.64,2.37,0.06,0
OMN,Biomass,4097,125.72,4.83,0.06,0
PAK,Coal,3676,40.58,4.5,0.06,3.21E-06
PAK,Gas,958,12.2,1.87,0.06,1.94E-06
PAK,Oil,1810,35.16,5.69,0.06,1.24E-05
PAK,Solar,1313,15.25,0,0.06,0
PAK,Wind,1265,26.34,0,0.06,0
PAK,Waste,1563,20.1,6.2,0.06,0
PAK,Hydro,5316,29.86,0,0.06,0
PAK,Geothermal,2521,128.544,1.16,0.06,0
PAK,CSP,7221,85.4,0,0.06,0
PAK,Nuclear,6041,121.64,2.37,0.06,0
PAK,Biomass,4097,125.72,4.83,0.06,0
PAN,Coal,3676,40.58,4.5,0.06,3.21E-06
PAN,Gas,958,12.2,1.87,0.06,1.94E-06
PAN,Oil,1810,35.16,5.69,0.06,1.24E-05
PAN,Solar,1313,15.25,0,0.06,0
PAN,Wind,1265,26.34,0,0.06,0
PAN,Waste,1563,20.1,6.2,0.06,0
PAN,Hydro,5316,29.86,0,0.06,0
PAN,Geothermal,2521,128.544,1.16,0.06,0
PAN,CSP,7221,85.4,0,0.06,0
PAN,Nuclear,6041,121.64,2.37,0.06,0
PAN,Biomass,4097,125.72,4.83,0.06,0
PER,Coal,3676,40.58,4.5,0.06,3.21E-06
PER,Gas,958,12.2,1.87,0.06,1.94E-06
PER,Oil,1810,35.16,5.69,0.06,1.24E-05
PER,Solar,1313,15.25,0,0.06,0
PER,Wind,1265,26.34,0,0.06,0
PER,Waste,1563,20.1,6.2,0.06,0
PER,Hydro,5316,29.86,0,0.06,0
PER,Geothermal,2521,128.544,1.16,0.06,0
PER,CSP,7221,85.4,0,0.06,0
PER,Nuclear,6041,121.64,2.37,0.06,0
PER,Biomass,4097,125.72,4.83,0.06,0
PHL,Coal,3676,40.58,4.5,0.06,3.21E-06
PHL,Gas,958,12.2,1.87,0.06,1.94E-06
PHL,Oil,1810,35.16,5.69,0.06,1.24E-05
PHL,Solar,1313,15.25,0,0.06,0
PHL,Wind,1265,26.34,0,0.06,0
PHL,Waste,1563,20.1,6.2,0.06,0
PHL,Hydro,5316,29.86,0,0.06,0
PHL,Geothermal,2521,128.544,1.16,0.06,0
PHL,CSP,7221,85.4,0,0.06,0
PHL,Nuclear,6041,121.64,2.37,0.06,0
PHL,Biomass,4097,125.72,4.83,0.06,0
PNG,Coal,3676,40.58,4.5,0.06,3.21E-06
PNG,Gas,958,12.2,1.87,0.06,1.94E-06
PNG,Oil,1810,35.16,5.69,0.06,1.24E-05
PNG,Solar,1313,15.25,0,0.06,0
PNG,Wind,1265,26.34,0,0.06,0
PNG,Waste,1563,20.1,6.2,0.06,0
PNG,Hydro,5316,29.86,0,0.06,0
PNG,Geothermal,2521,128.544,1.16,0.06,0
PNG,CSP,7221,85.4,0,0.06,0
PNG,Nuclear,6041,121.64,2.37,0.06,0
PNG,Biomass,4097,125.72,4.83,0.06,0
POL,Coal,3676,40.58,4.5,0.06,3.21E-06
POL,Gas,958,12.2,1.87,0.06,1.94E-06
POL,Oil,1810,35.16,5.69,0.06,1.24E-05
POL,Solar,1313,15.25,0,0.06,0
POL,Wind,1265,26.34,0,0.06,0
POL,Waste,1563,20.1,6.2,0.06,0
POL,Hydro,5316,29.86,0,0.06,0
POL,Geothermal,2521,128.544,1.16,0.06,0
POL,CSP,7221,85.4,0,0.06,0
POL,Nuclear,6041,121.64,2.37,0.06,0
POL,Biomass,4097,125.72,4.83,0.06,0
PRK,Coal,3676,40.58,4.5,0.06,3.21E-06
PRK,Gas,958,12.2,1.87,0.06,1.94E-06
PRK,Oil,1810,35.16,5.69,0.06,1.24E-05
PRK,Solar,1313,15.25,0,0.06,0
PRK,Wind,1265,26.34,0,0.06,0
PRK,Waste,1563,20.1,6.2,0.06,0
PRK,Hydro,5316,29.86,0,0.06,0
PRK,Geothermal,2521,128.544,1.16,0.06,0
PRK,CSP,7221,85.4,0,0.06,0
PRK,Nuclear,6041,121.64,2.37,0.06,0
PRK,Biomass,4097,125.72,4.83,0.06,0
PRT,Coal,3676,40.58,4.5,0.06,3.21E-06
PRT,Gas,958,12.2,1.87,0.06,1.94E-06
PRT,Oil,1810,35.16,5.69,0.06,1.24E-05
PRT,Solar,1313,15.25,0,0.06,0
PRT,Wind,1265,26.34,0,0.06,0
PRT,Waste,1563,20.1,6.2,0.06,0
PRT,Hydro,5316,29.86,0,0.06,0
PRT,Geothermal,2521,128.544,1.16,0.06,0
PRT,CSP,7221,85.4,0,0.06,0
PRT,Nuclear,6041,121.64,2.37,0.06,0
PRT,Biomass,4097,125.72,4.83,0.06,0
PRY,Coal,3676,40.58,4.5,0.06,3.21E-06
PRY,Gas,958,12.2,1.87,0.06,1.94E-06
PRY,Oil,1810,35.16,5.69,0.06,1.24E-05
PRY,Solar,1313,15.25,0,0.06,0
PRY,Wind,1265,26.34,0,0.06,0
PRY,Waste,1563,20.1,6.2,0.06,0
PRY,Hydro,5316,29.86,0,0.06,0
PRY,Geothermal,2521,128.544,1.16,0.06,0
PRY,CSP,7221,85.4,0,0.06,0
PRY,Nuclear,6041,121.64,2.37,0.06,0
PRY,Biomass,4097,125.72,4.83,0.06,0
QAT,Coal,3676,40.58,4.5,0.06,3.21E-06
QAT,Gas,958,12.2,1.87,0.06,1.94E-06
QAT,Oil,1810,35.16,5.69,0.06,1.24E-05
QAT,Solar,1313,15.25,0,0.06,0
QAT,Wind,1265,26.34,0,0.06,0
QAT,Waste,1563,20.1,6.2,0.06,0
QAT,Hydro,5316,29.86,0,0.06,0
QAT,Geothermal,2521,128.544,1.16,0.06,0
QAT,CSP,7221,85.4,0,0.06,0
QAT,Nuclear,6041,121.64,2.37,0.06,0
QAT,Biomass,4097,125.72,4.83,0.06,0
ROU,Coal,3676,40.58,4.5,0.06,3.21E-06
ROU,Gas,958,12.2,1.87,0.06,1.94E-06
ROU,Oil,1810,35.16,5.69,0.06,1.24E-05
ROU,Solar,1313,15.25,0,0.06,0
ROU,Wind,1265,26.34,0,0.06,0
ROU,Waste,1563,20.1,6.2,0.06,0
ROU,Hydro,5316,29.86,0,0.06,0
ROU,Geothermal,2521,128.544,1.16,0.06,0
ROU,CSP,7221,85.4,0,0.06,0
ROU,Nuclear,6041,121.64,2.37,0.06,0
ROU,Biomass,4097,125.72,4.83,0.06,0
RUS,Coal,3676,40.58,4.5,0.06,3.21E-06
RUS,Gas,958,12.2,1.87,0.06,1.94E-06
RUS,Oil,1810,35.16,5.69,0.06,1.24E-05
RUS,Solar,1313,15.25,0,0.06,0
RUS,Wind,1265,26.34,0,0.06,0
RUS,Waste,1563,20.1,6.2,0.06,0
RUS,Hydro,5316,29.86,0,0.06,0
RUS,Geothermal,2521,128.544,1.16,0.06,0
RUS,CSP,7221,85.4,0,0.06,0
RUS,Nuclear,6041,121.64,2.37,0.06,0
RUS,Biomass,4097,125.72,4.83,0.06,0
RWA,Coal,3676,40.58,4.5,0.06,3.21E-06
RWA,Gas,958,12.2,1.87,0.06,1.94E-06
RWA,Oil,1810,35.16,5.69,0.06,1.24E-05
RWA,Solar,1313,15.25,0,0.06,0
RWA,Wind,1265,26.34,0,0.06,0
RWA,Waste,1563,20.1,6.2,0.06,0
RWA,Hydro,5316,29.86,0,0.06,0
RWA,Geothermal,2521,128.544,1.16,0.06,0
RWA,CSP,7221,85.4,0,0.06,0
RWA,Nuclear,6041,121.64,2.37,0.06,0
RWA,Biomass,4097,125.72,4.83,0.06,0
SAU,Coal,3676,40.58,4.5,0.06,3.21E-06
SAU,Gas,958,12.2,1.87,0.06,1.94E-06
SAU,Oil,1810,35.16,5.69,0.06,1.24E-05
SAU,Solar,1313,15.25,0,0.06,0
SAU,Wind,1265,26.34,0,0.06,0
SAU,Waste,1563,20.1,6.2,0.06,0
SAU,Hydro,5316,29.86,0,0.06,0
SAU,Geothermal,2521,128.544,1.16,0.06,0
SAU,CSP,7221,85.4,0,0.06,0
SAU,Nuclear,6041,121.64,2.37,0.06,0
SAU,Biomass,4097,125.72,4.83,0.06,0
SDN,Coal,3676,40.58,4.5,0.06,3.21E-06
SDN,Gas,958,12.2,1.87,0.06,1.94E-06
SDN,Oil,1810,35.16,5.69,0.06,1.24E-05
SDN,Solar,1313,15.25,0,0.06,0
SDN,Wind,1265,26.34,0,0.06,0
SDN,Waste,1563,20.1,6.2,0.06,0
SDN,Hydro,5316,29.86,0,0.06,0
SDN,Geothermal,2521,128.544,1.16,0.06,0
SDN,CSP,7221,85.4,0,0.06,0
SDN,Nuclear,6041,121.64,2.37,0.06,0
SDN,Biomass,4097,125.72,4.83,0.06,0
SEN,Coal,3676,40.58,4.5,0.06,3.21E-06
SEN,Gas,958,12.2,1.87,0.06,1.94E-06
SEN,Oil,1810,35.16,5.69,0.06,1.24E-05
SEN,Solar,1313,15.25,0,0.06,0
SEN,Wind,1265,26.34,0,0.06,0
SEN,Waste,1563,20.1,6.2,0.06,0
SEN,Hydro,5316,29.86,0,0.06,0
SEN,Geothermal,2521,128.544,1.16,0.06,0
SEN,CSP,7221,85.4,0,0.06,0
SEN,Nuclear,6041,121.64,2.37,0.06,0
SEN,Biomass,4097,125.72,4.83,0.06,0
SGP,Coal,3676,40.58,4.5,0.06,3.21E-06
SGP,Gas,958,12.2,1.87,0.06,1.94E-06
SGP,Oil,1810,35.16,5.69,0.06,1.24E-05
SGP,Solar,1313,15.25,0,0.06,0
SGP,Wind,1265,26.34,0,0.06,0
SGP,Waste,1563,20.1,6.2,0.06,0
SGP,Hydro,5316,29.86,0,0.06,0
SGP,Geothermal,2521,128.544,1.16,0.06,0
SGP,CSP,7221,85.4,0,0.06,0
SGP,Nuclear,6041,121.64,2.37,0.06,0
SGP,Biomass,4097,125.72,4.83,0.06,0
SLE,Coal,3676,40.58,4.5,0.06,3.21E-06
SLE,Gas,958,12.2,1.87,0.06,1.94E-06
SLE,Oil,1810,35.16,5.69,0.06,1.24E-05
SLE,Solar,1313,15.25,0,0.06,0
SLE,Wind,1265,26.34,0,0.06,0
SLE,Waste,1563,20.1,6.2,0.06,0
SLE,Hydro,5316,29.86,0,0.06,0
SLE,Geothermal,2521,128.544,1.16,0.06,0
SLE,CSP,7221,85.4,0,0.06,0
SLE,Nuclear,6041,121.64,2.37,0.06,0
SLE,Biomass,4097,125.72,4.83,0.06,0
SLV,Coal,3676,40.58,4.5,0.06,3.21E-06
SLV,Gas,958,12.2,1.87,0.06,1.94E-06
SLV,Oil,1810,35.16,5.69,0.06,1.24E-05
SLV,Solar,1313,15.25,0,0.06,0
SLV,Wind,1265,26.34,0,0.06,0
SLV,Waste,1563,20.1,6.2,0.06,0
SLV,Hydro,5316,29.86,0,0.06,0
SLV,Geothermal,2521,128.544,1.16,0.06,0
SLV,CSP,7221,85.4,0,0.06,0
SLV,Nuclear,6041,121.64,2.37,0.06,0
SLV,Biomass,4097,125.72,4.83,0.06,0
SRB,Coal,3676,40.58,4.5,0.06,3.21E-06
SRB,Gas,958,12.2,1.87,0.06,1.94E-06
SRB,Oil,1810,35.16,5.69,0.06,1.24E-05
SRB,Solar,1313,15.25,0,0.06,0
SRB,Wind,1265,26.34,0,0.06,0
SRB,Waste,1563,20.1,6.2,0.06,0
SRB,Hydro,5316,29.86,0,0.06,0
SRB,Geothermal,2521,128.544,1.16,0.06,0
SRB,CSP,7221,85.4,0,0.06,0
SRB,Nuclear,6041,121.64,2.37,0.06,0
SRB,Biomass,4097,125.72,4.83,0.06,0
SVK,Coal,3676,40.58,4.5,0.06,3.21E-06
SVK,Gas,958,12.2,1.87,0.06,1.94E-06
SVK,Oil,1810,35.16,5.69,0.06,1.24E-05
SVK,Solar,1313,15.25,0,0.06,0
SVK,Wind,1265,26.34,0,0.06,0
SVK,Waste,1563,20.1,6.2,0.06,0
SVK,Hydro,5316,29.86,0,0.06,0
SVK,Geothermal,2521,128.544,1.16,0.06,0
SVK,CSP,7221,85.4,0,0.06,0
SVK,Nuclear,6041,121.64,2.37,0.06,0
SVK,Biomass,4097,125.72,4.83,0.06,0
SVN,Coal,3676,40.58,4.5,0.06,3.21E-06
SVN,Gas,958,12.2,1.87,0.06,1.94E-06
SVN,Oil,1810,35.16,5.69,0.06,1.24E-05
SVN,Solar,1313,15.25,0,0.06,0
SVN,Wind,1265,26.34,0,0.06,0
SVN,Waste,1563,20.1,6.2,0.06,0
SVN,Hydro,5316,29.86,0,0.06,0
SVN,Geothermal,2521,128.544,1.16,0.06,0
SVN,CSP,7221,85.4,0,0.06,0
SVN,Nuclear,6041,121.64,2.37,0.06,0
SVN,Biomass,4097,125.72,4.83,0.06,0
SWE,Coal,3676,40.58,4.5,0.06,3.21E-06
SWE,Gas,958,12.2,1.87,0.06,1.94E-06
SWE,Oil,1810,35.16,5.69,0.06,1.24E-05
SWE,Solar,1313,15.25,0,0.06,0
SWE,Wind,1265,26.34,0,0.06,0
SWE,Waste,1563,20.1,6.2,0.06,0
SWE,Hydro,5316,29.86,0,0.06,0
SWE,Geothermal,2521,128.544,1.16,0.06,0
SWE,CSP,7221,85.4,0,0.06,0
SWE,Nuclear,6041,121.64,2.37,0.06,0
SWE,Biomass,4097,125.72,4.83,0.06,0
SWZ,Coal,3676,40.58,4.5,0.06,3.21E-06
SWZ,Gas,958,12.2,1.87,0.06,1.94E-06
SWZ,Oil,1810,35.16,5.69,0.06,1.24E-05
SWZ,Solar,1313,15.25,0,0.06,0
SWZ,Wind,1265,26.34,0,0.06,0
SWZ,Waste,1563,20.1,6.2,0.06,0
SWZ,Hydro,5316,29.86,0,0.06,0
SWZ,Geothermal,2521,128.544,1.16,0.06,0
SWZ,CSP,7221,85.4,0,0.06,0
SWZ,Nuclear,6041,121.64,2.37,0.06,0
SWZ,Biomass,4097,125.72,4.83,0.06,0
SYR,Coal,3676,40.58,4.5,0.06,3.21E-06
SYR,Gas,958,12.2,1.87,0.06,1.94E-06
SYR,Oil,1810,35.16,5.69,0.06,1.24E-05
SYR,Solar,1313,15.25,0,0.06,0
SYR,Wind,1265,26.34,0,0.06,0
SYR,Waste,1563,20.1,6.2,0.06,0
SYR,Hydro,5316,29.86,0,0.06,0
SYR,Geothermal,2521,128.544,1.16,0.06,0
SYR,CSP,7221,85.4,0,0.06,0
SYR,Nuclear,6041,121.64,2.37,0.06,0
SYR,Biomass,4097,125.72,4.83,0.06,0
TGO,Coal,3676,40.58,4.5,0.06,3.21E-06
TGO,Gas,958,12.2,1.87,0.06,1.94E-06
TGO,Oil,1810,35.16,5.69,0.06,1.24E-05
TGO,Solar,1313,15.25,0,0.06,0
TGO,Wind,1265,26.34,0,0.06,0
TGO,Waste,1563,20.1,6.2,0.06,0
TGO,Hydro,5316,29.86,0,0.06,0
TGO,Geothermal,2521,128.544,1.16,0.06,0
TGO,CSP,7221,85.4,0,0.06,0
TGO,Nuclear,6041,121.64,2.37,0.06,0
TGO,Biomass,4097,125.72,4.83,0.06,0
THA,Coal,3676,40.58,4.5,0.06,3.21E-06
THA,Gas,958,12.2,1.87,0.06,1.94E-06
THA,Oil,1810,35.16,5.69,0.06,1.24E-05
THA,Solar,1313,15.25,0,0.06,0
THA,Wind,1265,26.34,0,0.06,0
THA,Waste,1563,20.1,6.2,0.06,0
THA,Hydro,5316,29.86,0,0.06,0
THA,Geothermal,2521,128.544,1.16,0.06,0
THA,CSP,7221,85.4,0,0.06,0
THA,Nuclear,6041,121.64,2.37,0.06,0
THA,Biomass,4097,125.72,4.83,0.06,0
TJK,Coal,3676,40.58,4.5,0.06,3.21E-06
TJK,Gas,958,12.2,1.87,0.06,1.94E-06
TJK,Oil,1810,35.16,5.69,0.06,1.24E-05
TJK,Solar,1313,15.25,0,0.06,0
TJK,Wind,1265,26.34,0,0.06,0
TJK,Waste,1563,20.1,6.2,0.06,0
TJK,Hydro,5316,29.86,0,0.06,0
TJK,Geothermal,2521,128.544,1.16,0.06,0
TJK,CSP,7221,85.4,0,0.06,0
TJK,Nuclear,6041,121.64,2.37,0.06,0
TJK,Biomass,4097,125.72,4.83,0.06,0
TKM,Coal,3676,40.58,4.5,0.06,3.21E-06
TKM,Gas,958,12.2,1.87,0.06,1.94E-06
TKM,Oil,1810,35.16,5.69,0.06,1.24E-05
TKM,Solar,1313,15.25,0,0.06,0
TKM,Wind,1265,26.34,0,0.06,0
TKM,Waste,1563,20.1,6.2,0.06,0
TKM,Hydro,5316,29.86,0,0.06,0
TKM,Geothermal,2521,128.544,1.16,0.06,0
TKM,CSP,7221,85.4,0,0.06,0
TKM,Nuclear,6041,121.64,2.37,0.06,0
TKM,Biomass,4097,125.72,4.83,0.06,0
TTO,Coal,3676,40.58,4.5,0.06,3.21E-06
TTO,Gas,958,12.2,1.87,0.06,1.94E-06
TTO,Oil,1810,35.16,5.69,0.06,1.24E-05
TTO,Solar,1313,15.25,0,0.06,0
TTO,Wind,1265,26.34,0,0.06,0
TTO,Waste,1563,20.1,6.2,0.06,0
TTO,Hydro,5316,29.86,0,0.06,0
TTO,Geothermal,2521,128.544,1.16,0.06,0
TTO,CSP,7221,85.4,0,0.06,0
TTO,Nuclear,6041,121.64,2.37,0.06,0
TTO,Biomass,4097,125.72,4.83,0.06,0
TUN,Coal,3676,40.58,4.5,0.06,3.21E-06
TUN,Gas,958,12.2,1.87,0.06,1.94E-06
TUN,Oil,1810,35.16,5.69,0.06,1.24E-05
TUN,Solar,1313,15.25,0,0.06,0
TUN,Wind,1265,26.34,0,0.06,0
TUN,Waste,1563,20.1,6.2,0.06,0
TUN,Hydro,5316,29.86,0,0.06,0
TUN,Geothermal,2521,128.544,1.16,0.06,0
TUN,CSP,7221,85.4,0,0.06,0
TUN,Nuclear,6041,121.64,2.37,0.06,0
TUN,Biomass,4097,125.72,4.83,0.06,0
TUR,Coal,3676,40.58,4.5,0.06,3.21E-06
TUR,Gas,958,12.2,1.87,0.06,1.94E-06
TUR,Oil,1810,35.16,5.69,0.06,1.24E-05
TUR,Solar,1313,15.25,0,0.06,0
TUR,Wind,1265,26.34,0,0.06,0
TUR,Waste,1563,20.1,6.2,0.06,0
TUR,Hydro,5316,29.86,0,0.06,0
TUR,Geothermal,2521,128.544,1.16,0.06,0
TUR,CSP,7221,85.4,0,0.06,0
TUR,Nuclear,6041,121.64,2.37,0.06,0
TUR,Biomass,4097,125.72,4.83,0.06,0
TWN,Coal,3676,40.58,4.5,0.06,3.21E-06
TWN,Gas,958,12.2,1.87,0.06,1.94E-06
TWN,Oil,1810,35.16,5.69,0.06,1.24E-05
TWN,Solar,1313,15.25,0,0.06,0
TWN,Wind,1265,26.34,0,0.06,0
TWN,Waste,1563,20.1,6.2,0.06,0
TWN,Hydro,5316,29.86,0,0.06,0
TWN,Geothermal,2521,128.544,1.16,0.06,0
TWN,CSP,7221,85.4,0,0.06,0
TWN,Nuclear,6041,121.64,2.37,0.06,0
TWN,Biomass,4097,125.72,4.83,0.06,0
TZA,Coal,3676,40.58,4.5,0.06,3.21E-06
TZA,Gas,958,12.2,1.87,0.06,1.94E-06
TZA,Oil,1810,35.16,5.69,0.06,1.24E-05
TZA,Solar,1313,15.25,0,0.06,0
TZA,Wind,1265,26.34,0,0.06,0
TZA,Waste,1563,20.1,6.2,0.06,0
TZA,Hydro,5316,29.86,0,0.06,0
TZA,Geothermal,2521,128.544,1.16,0.06,0
TZA,CSP,7221,85.4,0,0.06,0
TZA,Nuclear,6041,121.64,2.37,0.06,0
TZA,Biomass,4097,125.72,4.83,0.06,0
UGA,Coal,3676,40.58,4.5,0.06,3.21E-06
UGA,Gas,958,12.2,1.87,0.06,1.94E-06
UGA,Oil,1810,35.16,5.69,0.06,1.24E-05
UGA,Solar,1313,15.25,0,0.06,0
UGA,Wind,1265,26.34,0,0.06,0
UGA,Waste,1563,20.1,6.2,0.06,0
UGA,Hydro,5316,29.86,0,0.06,0
UGA,Geothermal,2521,128.544,1.16,0.06,0
UGA,CSP,7221,85.4,0,0.06,0
UGA,Nuclear,6041,121.64,2.37,0.06,0
UGA,Biomass,4097,125.72,4.83,0.06,0
UKR,Coal,3676,40.58,4.5,0.06,3.21E-06
UKR,Gas,958,12.2,1.87,0.06,1.94E-06
UKR,Oil,1810,35.16,5.69,0.06,1.24E-05
UKR,Solar,1313,15.25,0,0.06,0
UKR,Wind,1265,26.34,0,0.06,0
UKR,Waste,1563,20.1,6.2,0.06,0
UKR,Hydro,5316,29.86,0,0.06,0
UKR,Geothermal,2521,128.544,1.16,0.06,0
UKR,CSP,7221,85.4,0,0.06,0
UKR,Nuclear,6041,121.64,2.37,0.06,0
UKR,Biomass,4097,125.72,4.83,0.06,0
URY,Coal,3676,40.58,4.5,0.06,3.21E-06
URY,Gas,958,12.2,1.87,0.06,1.94E-06
URY,Oil,1810,35.16,5.69,0.06,1.24E-05
URY,Solar,1313,15.25,0,0.06,0
URY,Wind,1265,26.34,0,0.06,0
URY,Waste,1563,20.1,6.2,0.06,0
URY,Hydro,5316,29.86,0,0.06,0
URY,Geothermal,2521,128.544,1.16,0.06,0
URY,CSP,7221,85.4,0,0.06,0
URY,Nuclear,6041,121.64,2.37,0.06,0
URY,Biomass,4097,125.72,4.83,0.06,0
USA,Coal,3676,40.58,4.5,0.06,3.21E-06
USA,Gas,958,12.2,1.87,0.06,1.94E-06
USA,Oil,1810,35.16,5.69,0.06,1.24E-05
USA,Solar,1313,15.25,0,0.06,0
USA,Wind,1265,26.34,0,0.06,0
USA,Waste,1563,20.1,6.2,0.06,0
USA,Hydro,5316,29.86,0,0.06,0
USA,Geothermal,2521,128.544,1.16,0.06,0
USA,CSP,7221,85.4,0,0.06,0
USA,Nuclear,6041,121.64,2.37,0.06,0
USA,Biomass,4097,125.72,4.83,0.06,0
UZB,Coal,3676,40.58,4.5,0.06,3.21E-06
UZB,Gas,958,12.2,1.87,0.06,1.94E-06
UZB,Oil,1810,35.16,5.69,0.06,1.24E-05
UZB,Solar,1313,15.25,0,0.06,0
UZB,Wind,1265,26.34,0,0.06,0
UZB,Waste,1563,20.1,6.2,0.06,0
UZB,Hydro,5316,29.86,0,0.06,0
UZB,Geothermal,2521,128.544,1.16,0.06,0
UZB,CSP,7221,85.4,0,0.06,0
UZB,Nuclear,6041,121.64,2.37,0.06,0
UZB,Biomass,4097,125.72,4.83,0.06,0
VEN,Coal,3676,40.58,4.5,0.06,3.21E-06
VEN,Gas,958,12.2,1.87,0.06,1.94E-06
VEN,Oil,1810,35.16,5.69,0.06,1.24E-05
VEN,Solar,1313,15.25,0,0.06,0
VEN,Wind,1265,26.34,0,0.06,0
VEN,Waste,1563,20.1,6.2,0.06,0
VEN,Hydro,5316,29.86,0,0.06,0
VEN,Geothermal,2521,128.544,1.16,0.06,0
VEN,CSP,7221,85.4,0,0.06,0
VEN,Nuclear,6041,121.64,2.37,0.06,0
VEN,Biomass,4097,125.72,4.83,0.06,0
VNM,Coal,3676,40.58,4.5,0.06,3.21E-06
VNM,Gas,958,12.2,1.87,0.06,1.94E-06
VNM,Oil,1810,35.16,5.69,0.06,1.24E-05
VNM,Solar,1313,15.25,0,0.06,0
VNM,Wind,1265,26.34,0,0.06,0
VNM,Waste,1563,20.1,6.2,0.06,0
VNM,Hydro,5316,29.86,0,0.06,0
VNM,Geothermal,2521,128.544,1.16,0.06,0
VNM,CSP,7221,85.4,0,0.06,0
VNM,Nuclear,6041,121.64,2.37,0.06,0
VNM,Biomass,4097,125.72,4.83,0.06,0
YEM,Coal,3676,40.58,4.5,0.06,3.21E-06
YEM,Gas,958,12.2,1.87,0.06,1.94E-06
YEM,Oil,1810,35.16,5.69,0.06,1.24E-05
YEM,Solar,1313,15.25,0,0.06,0
YEM,Wind,1265,26.34,0,0.06,0
YEM,Waste,1563,20.1,6.2,0.06,0
YEM,Hydro,5316,29.86,0,0.06,0
YEM,Geothermal,2521,128.544,1.16,0.06,0
YEM,CSP,7221,85.4,0,0.06,0
YEM,Nuclear,6041,121.64,2.37,0.06,0
YEM,Biomass,4097,125.72,4.83,0.06,0
ZAF,Coal,3676,40.58,4.5,0.06,3.21E-06
ZAF,Gas,958,12.2,1.87,0.06,1.94E-06
ZAF,Oil,1810,35.16,5.69,0.06,1.24E-05
ZAF,Solar,1313,15.25,0,0.06,0
ZAF,Wind,1265,26.34,0,0.06,0
ZAF,Waste,1563,20.1,6.2,0.06,0
ZAF,Hydro,5316,29.86,0,0.06,0
ZAF,Geothermal,2521,128.544,1.16,0.06,0
ZAF,CSP,7221,85.4,0,0.06,0
ZAF,Nuclear,6041,121.64,2.37,0.06,0
ZAF,Biomass,4097,125.72,4.83,0.06,0
ZMB,Coal,3676,40.58,4.5,0.06,3.21E-06
ZMB,Gas,958,12.2,1.87,0.06,1.94E-06
ZMB,Oil,1810,35.16,5.69,0.06,1.24E-05
ZMB,Solar,1313,15.25,0,0.06,0
ZMB,Wind,1265,26.34,0,0.06,0
ZMB,Waste,1563,20.1,6.2,0.06,0
ZMB,Hydro,5316,29.86,0,0.06,0
ZMB,Geothermal,2521,128.544,1.16,0.06,0
ZMB,CSP,7221,85.4,0,0.06,0
ZMB,Nuclear,6041,121.64,2.37,0.06,0
ZMB,Biomass,4097,125.72,4.83,0.06,0
ZWE,Coal,3676,40.58,4.5,0.06,3.21E-06
ZWE,Gas,958,12.2,1.87,0.06,1.94E-06
ZWE,Oil,1810,35.16,5.69,0.06,1.24E-05
ZWE,Solar,1313,15.25,0,0.06,0
ZWE,Wind,1265,26.34,0,0.06,0
ZWE,Waste,1563,20.1,6.2,0.06,0
ZWE,Hydro,5316,29.86,0,0.06,0
ZWE,Geothermal,2521,128.544,1.16,0.06,0
ZWE,CSP,7221,85.4,0,0.06,0
ZWE,Nuclear,6041,121.64,2.37,0.06,0
ZWE,Biomass,4097,125.72,4.83,0.06,0
